venda_id,user_id,produto_id,quantidade,data_venda,valor_total
1,771,56,4,2026-08-29,3690.64
2,660,96,1,2026-06-27,498.86
3,764,84,1,2026-06-05,72.92
4,955,50,2,2026-05-15,386.02
5,932,75,1,2026-05-03,709.79
6,403,15,1,2026-06-01,190.01
7,346,32,4,2026-06-02,715.28
8,963,28,4,2026-04-20,2076.36
9,511,22,4,2026-08-27,592.4
10,147,17,3,2026-08-13,933.5999999999999
11,148,59,2,2026-06-25,109.56
12,864,90,4,2026-04-03,1909.96
13,711,71,3,2026-08-27,2323.56
14,820,57,3,2026-05-22,292.83
15,489,26,2,2026-05-18,1574.64
16,929,25,2,2026-03-24,923.02
17,936,10,1,2026-05-05,710.99
18,640,45,3,2026-06-18,798.5699999999999
19,551,83,4,2026-08-13,1350.36
20,338,11,2,2026-04-26,60.76
21,872,77,3,2026-04-04,2320.68
22,641,53,4,2026-04-17,3760.4
23,779,72,3,2026-07-30,620.1899999999999
24,988,68,2,2026-08-12,1608.36
25,953,95,1,2026-05-27,773.26
26,473,28,3,2026-05-09,1557.27
27,946,75,4,2026-08-31,2839.16
28,151,65,2,2026-08-14,576.26
29,415,49,1,2026-05-05,551.24
30,990,47,4,2026-08-06,1274.36
31,298,52,4,2026-06-29,3109.52
32,611,88,4,2026-08-03,2564.72
33,263,54,3,2026-08-04,2687.64
34,764,60,2,2026-06-24,664.16
35,144,57,4,2026-07-19,390.44
36,346,47,3,2026-06-18,955.77
37,624,31,2,2026-05-05,1222.94
38,572,46,2,2026-07-04,1331.8
39,881,26,3,2026-08-25,2361.96
40,2,5,3,2026-07-12,493.38
41,897,84,4,2026-07-26,291.68
42,304,52,2,2026-04-05,1554.76
43,254,75,1,2026-04-26,709.79
44,652,54,3,2026-07-06,2687.64
45,453,33,2,2026-08-13,148.8
46,37,50,2,2026-04-07,386.02
47,160,38,4,2026-06-29,426.8
48,9,27,1,2026-04-10,207.68
49,233,98,4,2026-05-01,1733.08
50,99,15,1,2026-08-22,190.01
51,659,96,1,2026-05-09,498.86
52,816,61,3,2026-04-03,1184.3700000000001
53,208,21,2,2026-08-02,1231.46
54,131,46,2,2026-04-16,1331.8
55,404,69,2,2026-04-19,167.62
56,152,6,1,2026-08-06,164.43
57,54,38,2,2026-08-02,213.4
58,120,62,3,2026-03-30,835.92
59,673,86,1,2026-04-08,331.93
60,920,62,1,2026-04-13,278.64
61,628,82,1,2026-06-20,627.07
62,587,78,1,2026-04-23,83.3
63,625,74,3,2026-09-04,2451.93
64,968,46,2,2026-09-07,1331.8
65,420,13,3,2026-08-25,2502.36
66,422,95,2,2026-09-03,1546.52
67,104,94,3,2026-04-03,1696.98
68,852,3,4,2026-04-20,2938.68
69,254,94,4,2026-07-09,2262.64
70,227,6,4,2026-04-01,657.72
71,112,93,4,2026-07-23,3052.72
72,510,8,1,2026-04-21,867.51
73,473,44,1,2026-05-31,910.23
74,99,33,3,2026-04-09,223.20000000000002
75,153,81,3,2026-04-04,2593.41
76,861,75,4,2026-09-07,2839.16
77,914,77,2,2026-05-10,1547.12
78,896,50,4,2026-04-07,772.04
79,878,11,3,2026-04-28,91.14
80,338,95,4,2026-07-02,3093.04
81,706,28,3,2026-04-03,1557.27
82,822,70,4,2026-06-29,3948.08
83,163,41,2,2026-05-14,261.64
84,720,16,4,2026-07-14,766.28
85,957,68,2,2026-03-23,1608.36
86,681,99,2,2026-06-03,70.32
87,996,48,3,2026-06-30,1574.6100000000001
88,161,56,2,2026-05-21,1845.32
89,580,64,1,2026-08-27,363.19
90,801,59,1,2026-03-22,54.78
91,398,90,1,2026-08-30,477.49
92,277,62,3,2026-08-05,835.92
93,816,76,1,2026-05-25,731.72
94,916,11,3,2026-05-31,91.14
95,504,89,3,2026-05-14,2665.02
96,896,18,1,2026-05-19,529.51
97,392,19,2,2026-07-24,875.26
98,135,87,4,2026-06-19,2929.24
99,195,55,3,2026-04-12,1805.7599999999998
100,401,82,1,2026-08-09,627.07
101,640,26,3,2026-06-26,2361.96
102,33,6,2,2026-06-25,328.86
103,688,4,2,2026-06-18,1205.34
104,460,29,1,2026-06-04,596.49
105,955,59,3,2026-08-12,164.34
106,883,98,4,2026-06-12,1733.08
107,470,17,4,2026-05-06,1244.8
108,375,43,3,2026-04-24,132.12
109,22,80,3,2026-08-18,374.13
110,750,66,3,2026-06-25,1641.81
111,670,34,1,2026-07-15,949.4
112,38,8,2,2026-05-18,1735.02
113,230,13,4,2026-08-14,3336.48
114,365,8,1,2026-07-08,867.51
115,563,94,3,2026-05-22,1696.98
116,438,96,3,2026-07-13,1496.58
117,776,100,2,2026-08-09,233.62
118,283,94,3,2026-08-21,1696.98
119,27,65,1,2026-09-02,288.13
120,226,43,1,2026-07-02,44.04
121,277,39,2,2026-06-08,1374.78
122,798,81,1,2026-04-10,864.47
123,609,59,4,2026-05-30,219.12
124,284,84,1,2026-07-13,72.92
125,879,88,1,2026-08-05,641.18
126,960,86,1,2026-06-23,331.93
127,481,93,4,2026-04-20,3052.72
128,453,86,3,2026-06-26,995.79
129,829,44,1,2026-07-28,910.23
130,816,9,2,2026-08-05,1210.2
131,659,37,4,2026-05-10,1246.28
132,516,74,2,2026-05-06,1634.62
133,547,36,1,2026-05-18,810.31
134,192,92,2,2026-05-10,1432.22
135,49,28,1,2026-06-28,519.09
136,512,42,4,2026-05-10,2000.92
137,17,43,2,2026-09-09,88.08
138,172,85,2,2026-08-22,635.74
139,220,88,1,2026-06-06,641.18
140,158,42,1,2026-05-08,500.23
141,477,66,3,2026-05-20,1641.81
142,46,55,1,2026-07-15,601.92
143,373,72,1,2026-07-21,206.73
144,518,48,3,2026-04-18,1574.6100000000001
145,99,91,1,2026-06-16,128.4
146,892,22,1,2026-09-02,148.1
147,745,27,3,2026-09-02,623.04
148,37,93,4,2026-07-04,3052.72
149,280,67,4,2026-05-11,598.04
150,349,13,1,2026-04-15,834.12
151,497,45,1,2026-03-31,266.19
152,302,10,3,2026-03-26,2132.9700000000003
153,181,100,3,2026-05-17,350.43
154,607,9,4,2026-07-03,2420.4
155,99,54,2,2026-04-30,1791.76
156,700,27,1,2026-09-12,207.68
157,993,34,2,2026-08-18,1898.8
158,116,1,2,2026-05-27,761.58
159,191,32,3,2026-08-11,536.46
160,253,89,1,2026-07-09,888.34
161,981,93,1,2026-06-13,763.18
162,928,71,3,2026-06-03,2323.56
163,983,67,2,2026-06-13,299.02
164,161,84,3,2026-09-03,218.76
165,256,20,4,2026-06-04,1193.28
166,323,94,1,2026-09-01,565.66
167,128,35,4,2026-04-22,3863.92
168,18,99,3,2026-04-24,105.47999999999999
169,793,91,1,2026-07-27,128.4
170,735,90,4,2026-06-14,1909.96
171,566,78,4,2026-04-26,333.2
172,570,17,2,2026-07-03,622.4
173,323,18,1,2026-08-27,529.51
174,872,45,4,2026-06-08,1064.76
175,686,93,4,2026-05-08,3052.72
176,792,84,2,2026-05-22,145.84
177,626,53,4,2026-04-27,3760.4
178,288,91,4,2026-07-05,513.6
179,943,82,4,2026-04-08,2508.28
180,854,68,2,2026-03-24,1608.36
181,663,65,4,2026-04-11,1152.52
182,962,1,4,2026-08-15,1523.16
183,639,58,1,2026-08-13,204.02
184,155,26,1,2026-08-21,787.32
185,490,20,2,2026-06-06,596.64
186,386,87,3,2026-06-11,2196.93
187,986,10,1,2026-06-20,710.99
188,785,59,2,2026-04-25,109.56
189,104,75,4,2026-06-13,2839.16
190,929,41,4,2026-08-09,523.28
191,393,5,2,2026-07-26,328.92
192,811,65,4,2026-04-13,1152.52
193,246,17,4,2026-05-07,1244.8
194,176,22,3,2026-06-04,444.29999999999995
195,39,98,4,2026-05-09,1733.08
196,477,41,1,2026-09-04,130.82
197,682,93,4,2026-09-03,3052.72
198,759,68,2,2026-09-05,1608.36
199,538,69,3,2026-08-10,251.43
200,867,11,4,2026-06-21,121.52
201,818,56,2,2026-05-16,1845.32
202,921,51,1,2026-05-05,969.89
203,408,21,4,2026-05-21,2462.92
204,525,99,3,2026-08-07,105.47999999999999
205,828,76,4,2026-04-12,2926.88
206,506,26,2,2026-05-06,1574.64
207,903,19,3,2026-08-10,1312.8899999999999
208,825,60,4,2026-06-23,1328.32
209,36,71,1,2026-04-11,774.52
210,685,47,3,2026-06-25,955.77
211,20,71,1,2026-08-04,774.52
212,321,26,2,2026-06-06,1574.64
213,776,40,4,2026-04-10,1783.0
214,512,5,1,2026-06-30,164.46
215,400,21,2,2026-04-16,1231.46
216,654,78,4,2026-06-20,333.2
217,972,4,2,2026-05-08,1205.34
218,883,23,1,2026-05-07,299.22
219,471,84,2,2026-05-01,145.84
220,143,15,3,2026-05-12,570.03
221,92,93,4,2026-04-23,3052.72
222,354,8,2,2026-06-30,1735.02
223,834,41,1,2026-05-16,130.82
224,800,19,4,2026-09-10,1750.52
225,727,46,3,2026-06-12,1997.6999999999998
226,959,28,4,2026-06-22,2076.36
227,854,91,3,2026-03-26,385.20000000000005
228,51,68,4,2026-08-17,3216.72
229,665,15,2,2026-05-31,380.02
230,698,99,2,2026-04-18,70.32
231,575,37,1,2026-06-28,311.57
232,190,1,3,2026-03-22,1142.3700000000001
233,125,67,1,2026-04-06,149.51
234,150,24,2,2026-09-08,745.4
235,314,27,3,2026-04-15,623.04
236,570,40,1,2026-05-16,445.75
237,342,63,1,2026-07-09,830.45
238,305,61,1,2026-03-31,394.79
239,692,36,1,2026-04-19,810.31
240,682,98,1,2026-04-20,433.27
241,838,93,3,2026-07-18,2289.54
242,783,24,1,2026-09-01,372.7
243,54,24,3,2026-04-18,1118.1
244,444,4,1,2026-05-15,602.67
245,613,67,2,2026-08-02,299.02
246,993,34,2,2026-05-03,1898.8
247,264,57,1,2026-04-06,97.61
248,53,49,4,2026-04-09,2204.96
249,572,87,2,2026-06-09,1464.62
250,620,53,3,2026-08-08,2820.3
251,5,23,1,2026-03-24,299.22
252,103,69,3,2026-07-14,251.43
253,196,95,4,2026-09-06,3093.04
254,774,53,1,2026-04-21,940.1
255,877,62,2,2026-03-19,557.28
256,992,41,3,2026-08-17,392.46
257,884,57,2,2026-07-28,195.22
258,350,60,2,2026-09-10,664.16
259,47,54,1,2026-05-25,895.88
260,867,70,3,2026-06-26,2961.06
261,823,57,4,2026-05-30,390.44
262,936,10,2,2026-08-07,1421.98
263,820,40,1,2026-06-01,445.75
264,656,7,1,2026-03-22,67.5
265,269,38,4,2026-07-24,426.8
266,370,85,1,2026-06-01,317.87
267,636,61,2,2026-05-09,789.58
268,106,84,1,2026-04-11,72.92
269,670,3,3,2026-05-17,2204.0099999999998
270,659,51,3,2026-08-30,2909.67
271,657,86,2,2026-03-18,663.86
272,120,47,3,2026-08-10,955.77
273,831,68,4,2026-05-05,3216.72
274,787,92,1,2026-07-23,716.11
275,604,76,2,2026-04-24,1463.44
276,58,38,4,2026-06-23,426.8
277,951,36,1,2026-03-29,810.31
278,346,41,4,2026-05-15,523.28
279,741,69,2,2026-05-03,167.62
280,474,13,2,2026-06-10,1668.24
281,117,87,4,2026-06-26,2929.24
282,830,58,1,2026-08-01,204.02
283,791,50,3,2026-05-20,579.03
284,127,30,3,2026-05-01,167.97
285,393,62,4,2026-06-19,1114.56
286,908,25,2,2026-04-28,923.02
287,641,27,1,2026-06-16,207.68
288,58,51,1,2026-03-25,969.89
289,634,78,2,2026-03-24,166.6
290,513,57,3,2026-04-03,292.83
291,751,47,1,2026-03-21,318.59
292,802,100,4,2026-07-09,467.24
293,96,39,3,2026-04-11,2062.17
294,638,16,4,2026-05-14,766.28
295,118,22,3,2026-07-27,444.29999999999995
296,560,85,2,2026-07-13,635.74
297,601,54,4,2026-07-05,3583.52
298,488,21,4,2026-04-25,2462.92
299,237,72,2,2026-06-30,413.46
300,885,16,4,2026-07-19,766.28
301,897,59,3,2026-06-30,164.34
302,272,31,1,2026-07-03,611.47
303,189,42,1,2026-03-18,500.23
304,999,74,2,2026-07-23,1634.62
305,704,32,3,2026-03-22,536.46
306,447,59,4,2026-03-18,219.12
307,581,34,4,2026-05-12,3797.6
308,790,9,1,2026-06-25,605.1
309,861,81,4,2026-05-15,3457.88
310,247,11,1,2026-06-17,30.38
311,963,96,2,2026-04-24,997.72
312,76,10,4,2026-07-06,2843.96
313,154,86,3,2026-07-03,995.79
314,656,17,4,2026-08-14,1244.8
315,435,68,1,2026-04-21,804.18
316,997,48,2,2026-03-25,1049.74
317,86,52,1,2026-04-28,777.38
318,697,25,4,2026-06-09,1846.04
319,285,21,1,2026-06-05,615.73
320,974,65,1,2026-06-18,288.13
321,220,63,2,2026-08-08,1660.9
322,69,89,3,2026-07-02,2665.02
323,47,51,4,2026-09-04,3879.56
324,94,36,2,2026-07-03,1620.62
325,750,81,3,2026-08-25,2593.41
326,958,88,1,2026-06-18,641.18
327,453,66,3,2026-05-24,1641.81
328,204,15,1,2026-03-31,190.01
329,912,96,1,2026-07-11,498.86
330,218,39,2,2026-05-15,1374.78
331,474,70,1,2026-07-22,987.02
332,432,1,2,2026-07-25,761.58
333,341,23,3,2026-04-30,897.6600000000001
334,551,39,3,2026-07-07,2062.17
335,612,57,1,2026-04-24,97.61
336,289,81,2,2026-03-20,1728.94
337,254,34,1,2026-07-07,949.4
338,734,41,2,2026-08-10,261.64
339,357,93,2,2026-08-18,1526.36
340,23,73,2,2026-04-10,30.94
341,762,13,3,2026-04-17,2502.36
342,522,70,2,2026-07-15,1974.04
343,758,6,3,2026-07-14,493.29
344,837,84,2,2026-09-02,145.84
345,100,52,3,2026-03-27,2332.14
346,802,3,4,2026-05-02,2938.68
347,180,81,3,2026-07-19,2593.41
348,223,63,3,2026-04-04,2491.3500000000004
349,906,49,1,2026-07-17,551.24
350,762,76,2,2026-09-01,1463.44
351,659,47,4,2026-08-20,1274.36
352,442,55,1,2026-06-01,601.92
353,608,64,2,2026-06-22,726.38
354,769,65,4,2026-05-17,1152.52
355,325,81,4,2026-08-20,3457.88
356,516,67,4,2026-03-24,598.04
357,16,90,2,2026-08-10,954.98
358,792,15,4,2026-09-13,760.04
359,336,100,4,2026-04-27,467.24
360,759,32,1,2026-08-05,178.82
361,258,96,3,2026-06-02,1496.58
362,497,68,2,2026-03-31,1608.36
363,988,18,3,2026-05-16,1588.53
364,896,83,1,2026-05-15,337.59
365,160,43,3,2026-04-01,132.12
366,475,35,4,2026-07-25,3863.92
367,852,78,4,2026-07-03,333.2
368,664,58,2,2026-06-24,408.04
369,908,33,2,2026-07-03,148.8
370,690,14,2,2026-04-02,440.44
371,675,34,1,2026-08-30,949.4
372,380,61,2,2026-08-23,789.58
373,545,4,1,2026-04-01,602.67
374,929,88,4,2026-04-21,2564.72
375,957,59,3,2026-07-17,164.34
376,691,29,4,2026-05-01,2385.96
377,427,83,4,2026-09-05,1350.36
378,613,6,4,2026-08-01,657.72
379,268,97,2,2026-05-31,1055.02
380,835,49,2,2026-07-31,1102.48
381,577,40,2,2026-09-05,891.5
382,417,83,3,2026-06-05,1012.77
383,168,65,2,2026-05-11,576.26
384,842,69,1,2026-07-29,83.81
385,43,27,4,2026-07-02,830.72
386,556,80,3,2026-09-05,374.13
387,285,6,3,2026-09-12,493.29
388,397,13,3,2026-06-30,2502.36
389,12,64,3,2026-04-22,1089.57
390,607,62,3,2026-04-13,835.92
391,302,99,1,2026-08-18,35.16
392,898,19,4,2026-06-21,1750.52
393,253,76,3,2026-07-04,2195.16
394,499,80,4,2026-05-21,498.84
395,754,43,2,2026-04-03,88.08
396,35,74,3,2026-04-28,2451.93
397,727,89,3,2026-05-03,2665.02
398,849,20,4,2026-05-11,1193.28
399,90,95,3,2026-08-11,2319.7799999999997
400,776,68,3,2026-05-08,2412.54
401,605,44,3,2026-05-18,2730.69
402,922,23,1,2026-07-07,299.22
403,970,2,1,2026-07-27,951.21
404,602,22,3,2026-08-17,444.29999999999995
405,418,57,1,2026-06-22,97.61
406,115,72,2,2026-08-04,413.46
407,617,7,3,2026-05-20,202.5
408,903,78,2,2026-04-02,166.6
409,196,56,4,2026-07-11,3690.64
410,826,67,2,2026-07-29,299.02
411,501,16,4,2026-09-11,766.28
412,626,83,3,2026-06-20,1012.77
413,493,51,4,2026-07-01,3879.56
414,75,82,4,2026-04-22,2508.28
415,413,80,2,2026-03-26,249.42
416,376,72,2,2026-07-27,413.46
417,420,97,2,2026-08-01,1055.02
418,729,12,3,2026-04-11,2910.63
419,277,53,3,2026-04-04,2820.3
420,761,75,2,2026-06-03,1419.58
421,676,5,3,2026-05-28,493.38
422,394,27,3,2026-05-06,623.04
423,869,12,4,2026-06-23,3880.84
424,457,17,4,2026-08-23,1244.8
425,920,6,2,2026-06-04,328.86
426,192,97,3,2026-03-27,1582.53
427,739,5,4,2026-08-21,657.84
428,689,57,1,2026-07-29,97.61
429,99,28,3,2026-08-10,1557.27
430,548,78,1,2026-05-15,83.3
431,978,69,2,2026-06-24,167.62
432,999,59,3,2026-07-13,164.34
433,96,33,2,2026-09-13,148.8
434,664,62,2,2026-07-10,557.28
435,663,50,2,2026-06-08,386.02
436,190,19,2,2026-07-16,875.26
437,736,86,2,2026-05-23,663.86
438,37,69,3,2026-07-08,251.43
439,780,66,1,2026-06-22,547.27
440,369,94,3,2026-06-29,1696.98
441,695,47,3,2026-04-18,955.77
442,525,39,3,2026-04-21,2062.17
443,279,68,4,2026-09-12,3216.72
444,217,33,4,2026-07-10,297.6
445,867,13,3,2026-03-31,2502.36
446,873,84,1,2026-06-14,72.92
447,798,54,3,2026-03-21,2687.64
448,273,7,2,2026-07-16,135.0
449,881,79,4,2026-08-30,1459.52
450,62,87,4,2026-03-28,2929.24
451,596,14,3,2026-08-15,660.66
452,880,87,3,2026-05-18,2196.93
453,729,19,1,2026-06-28,437.63
454,342,54,1,2026-08-05,895.88
455,397,93,2,2026-06-03,1526.36
456,699,20,3,2026-03-23,894.96
457,19,29,3,2026-05-09,1789.47
458,177,24,3,2026-03-18,1118.1
459,612,82,4,2026-06-27,2508.28
460,396,63,2,2026-03-22,1660.9
461,445,74,1,2026-08-15,817.31
462,233,57,4,2026-04-04,390.44
463,915,8,4,2026-07-01,3470.04
464,76,90,4,2026-06-12,1909.96
465,265,62,4,2026-04-10,1114.56
466,455,29,2,2026-07-20,1192.98
467,796,74,3,2026-07-20,2451.93
468,718,17,1,2026-08-11,311.2
469,735,66,1,2026-05-15,547.27
470,384,6,4,2026-08-06,657.72
471,564,58,4,2026-05-21,816.08
472,851,69,2,2026-04-12,167.62
473,506,28,4,2026-06-11,2076.36
474,367,62,1,2026-05-31,278.64
475,144,41,1,2026-03-19,130.82
476,885,69,3,2026-04-27,251.43
477,69,82,3,2026-05-17,1881.21
478,99,90,1,2026-04-30,477.49
479,396,84,1,2026-03-28,72.92
480,25,41,2,2026-07-21,261.64
481,948,49,2,2026-07-13,1102.48
482,891,91,1,2026-03-24,128.4
483,469,49,4,2026-04-15,2204.96
484,484,76,3,2026-08-25,2195.16
485,565,71,1,2026-05-03,774.52
486,151,3,4,2026-05-23,2938.68
487,144,10,1,2026-05-02,710.99
488,569,98,3,2026-03-18,1299.81
489,39,89,3,2026-06-14,2665.02
490,109,35,2,2026-08-26,1931.96
491,693,80,2,2026-04-23,249.42
492,42,2,2,2026-08-17,1902.42
493,186,24,2,2026-08-30,745.4
494,935,74,3,2026-04-27,2451.93
495,398,38,4,2026-05-08,426.8
496,223,22,4,2026-07-25,592.4
497,634,26,4,2026-04-21,3149.28
498,133,43,1,2026-04-30,44.04
499,163,55,2,2026-08-07,1203.84
500,215,39,2,2026-08-03,1374.78
501,733,91,3,2026-06-23,385.20000000000005
502,235,29,3,2026-05-04,1789.47
503,843,20,1,2026-05-24,298.32
504,658,91,1,2026-08-16,128.4
505,751,41,4,2026-03-24,523.28
506,588,54,3,2026-07-24,2687.64
507,9,20,2,2026-04-18,596.64
508,74,19,4,2026-05-12,1750.52
509,954,84,2,2026-08-22,145.84
510,492,99,4,2026-05-07,140.64
511,913,66,2,2026-05-23,1094.54
512,253,30,1,2026-08-31,55.99
513,230,53,4,2026-05-21,3760.4
514,519,34,2,2026-08-12,1898.8
515,174,22,2,2026-05-06,296.2
516,653,67,3,2026-05-31,448.53
517,168,6,4,2026-05-21,657.72
518,170,79,2,2026-04-23,729.76
519,393,27,3,2026-08-31,623.04
520,946,10,2,2026-04-24,1421.98
521,795,73,4,2026-05-19,61.88
522,634,97,1,2026-03-26,527.51
523,194,96,4,2026-06-28,1995.44
524,517,48,4,2026-09-09,2099.48
525,29,70,2,2026-06-05,1974.04
526,165,59,2,2026-07-11,109.56
527,422,100,4,2026-09-14,467.24
528,339,59,3,2026-07-21,164.34
529,648,2,3,2026-04-19,2853.63
530,496,29,3,2026-08-27,1789.47
531,365,68,2,2026-09-03,1608.36
532,833,65,2,2026-05-29,576.26
533,342,83,4,2026-06-18,1350.36
534,500,26,1,2026-03-19,787.32
535,657,89,2,2026-08-29,1776.68
536,511,10,4,2026-04-29,2843.96
537,327,53,4,2026-08-30,3760.4
538,217,79,1,2026-08-28,364.88
539,301,59,3,2026-05-17,164.34
540,132,22,4,2026-09-06,592.4
541,804,51,4,2026-07-03,3879.56
542,70,48,4,2026-06-02,2099.48
543,252,21,3,2026-07-30,1847.19
544,415,22,3,2026-08-11,444.29999999999995
545,787,100,1,2026-04-03,116.81
546,445,98,2,2026-04-02,866.54
547,876,30,3,2026-05-30,167.97
548,182,25,2,2026-06-11,923.02
549,167,28,2,2026-06-09,1038.18
550,91,65,3,2026-05-23,864.39
551,714,45,4,2026-06-10,1064.76
552,858,68,1,2026-06-10,804.18
553,531,7,2,2026-08-25,135.0
554,39,49,4,2026-03-24,2204.96
555,126,9,3,2026-03-29,1815.3000000000002
556,451,36,2,2026-04-29,1620.62
557,173,83,2,2026-08-11,675.18
558,653,1,2,2026-03-31,761.58
559,754,10,4,2026-06-17,2843.96
560,220,36,4,2026-08-15,3241.24
561,638,73,4,2026-07-31,61.88
562,58,46,2,2026-04-30,1331.8
563,660,32,2,2026-06-06,357.64
564,476,32,1,2026-05-02,178.82
565,456,6,1,2026-08-13,164.43
566,829,48,4,2026-07-19,2099.48
567,895,38,4,2026-09-14,426.8
568,361,17,3,2026-09-09,933.5999999999999
569,935,74,4,2026-06-30,3269.24
570,1,27,1,2026-05-19,207.68
571,387,54,1,2026-03-26,895.88
572,973,50,1,2026-04-28,193.01
573,348,35,2,2026-05-29,1931.96
574,190,85,2,2026-05-01,635.74
575,505,25,4,2026-06-09,1846.04
576,191,28,3,2026-07-18,1557.27
577,508,15,3,2026-07-13,570.03
578,369,4,3,2026-05-20,1808.0099999999998
579,409,93,2,2026-06-18,1526.36
580,824,73,1,2026-08-06,15.47
581,929,27,1,2026-07-06,207.68
582,934,26,2,2026-07-28,1574.64
583,117,19,3,2026-08-17,1312.8899999999999
584,134,92,3,2026-09-06,2148.33
585,58,17,4,2026-03-29,1244.8
586,556,43,4,2026-05-30,176.16
587,685,41,3,2026-04-10,392.46
588,672,42,2,2026-09-10,1000.46
589,173,50,3,2026-07-15,579.03
590,829,84,4,2026-07-24,291.68
591,815,40,3,2026-08-28,1337.25
592,149,39,2,2026-08-20,1374.78
593,80,23,1,2026-04-15,299.22
594,886,96,2,2026-09-06,997.72
595,213,52,2,2026-05-23,1554.76
596,203,47,4,2026-04-14,1274.36
597,764,63,2,2026-03-26,1660.9
598,229,97,2,2026-03-18,1055.02
599,676,69,4,2026-09-02,335.24
600,227,43,4,2026-07-14,176.16
601,659,48,1,2026-09-03,524.87
602,532,34,3,2026-06-04,2848.2
603,441,40,2,2026-05-25,891.5
604,402,75,4,2026-07-17,2839.16
605,47,61,1,2026-04-29,394.79
606,233,50,3,2026-07-21,579.03
607,305,67,4,2026-08-31,598.04
608,526,62,3,2026-08-10,835.92
609,143,58,3,2026-05-09,612.0600000000001
610,415,33,2,2026-07-02,148.8
611,513,75,2,2026-07-17,1419.58
612,373,16,4,2026-04-20,766.28
613,566,82,3,2026-06-25,1881.21
614,886,94,4,2026-04-20,2262.64
615,259,48,4,2026-04-14,2099.48
616,656,10,3,2026-03-26,2132.9700000000003
617,471,82,4,2026-06-24,2508.28
618,953,38,3,2026-07-16,320.1
619,971,19,3,2026-06-29,1312.8899999999999
620,12,36,3,2026-08-09,2430.93
621,330,59,3,2026-03-29,164.34
622,736,63,1,2026-05-04,830.45
623,784,77,3,2026-07-20,2320.68
624,968,46,2,2026-06-01,1331.8
625,358,3,2,2026-06-30,1469.34
626,972,74,2,2026-07-06,1634.62
627,408,65,3,2026-08-30,864.39
628,668,91,2,2026-04-25,256.8
629,373,8,1,2026-04-16,867.51
630,8,51,4,2026-08-01,3879.56
631,122,81,3,2026-04-07,2593.41
632,348,73,2,2026-03-25,30.94
633,676,6,1,2026-05-28,164.43
634,90,89,4,2026-04-25,3553.36
635,648,39,1,2026-05-11,687.39
636,698,60,2,2026-09-02,664.16
637,316,28,1,2026-06-18,519.09
638,178,97,4,2026-04-03,2110.04
639,540,54,2,2026-03-27,1791.76
640,732,37,4,2026-06-09,1246.28
641,869,9,1,2026-05-03,605.1
642,41,82,3,2026-06-25,1881.21
643,740,56,3,2026-03-20,2767.98
644,704,59,3,2026-05-31,164.34
645,923,85,3,2026-06-02,953.61
646,502,2,4,2026-08-07,3804.84
647,959,61,3,2026-06-30,1184.3700000000001
648,145,58,4,2026-06-10,816.08
649,201,60,2,2026-07-29,664.16
650,929,40,3,2026-04-30,1337.25
651,724,36,4,2026-05-16,3241.24
652,461,37,3,2026-07-15,934.71
653,732,79,3,2026-07-19,1094.6399999999999
654,752,92,3,2026-06-30,2148.33
655,925,18,4,2026-08-09,2118.04
656,909,98,1,2026-05-19,433.27
657,558,63,3,2026-08-31,2491.3500000000004
658,547,22,3,2026-04-24,444.29999999999995
659,253,11,2,2026-06-01,60.76
660,390,58,1,2026-05-31,204.02
661,594,57,4,2026-04-25,390.44
662,883,77,2,2026-05-02,1547.12
663,256,4,3,2026-08-11,1808.0099999999998
664,709,86,2,2026-06-07,663.86
665,815,7,2,2026-07-14,135.0
666,921,61,3,2026-07-11,1184.3700000000001
667,450,54,1,2026-07-24,895.88
668,10,88,1,2026-06-22,641.18
669,824,68,2,2026-04-02,1608.36
670,798,92,3,2026-08-25,2148.33
671,242,79,4,2026-05-22,1459.52
672,251,1,2,2026-06-12,761.58
673,877,55,4,2026-08-22,2407.68
674,5,3,2,2026-04-30,1469.34
675,119,78,2,2026-07-28,166.6
676,801,38,3,2026-09-01,320.1
677,374,1,3,2026-07-08,1142.3700000000001
678,65,38,4,2026-06-10,426.8
679,146,85,4,2026-03-26,1271.48
680,224,29,1,2026-04-13,596.49
681,239,5,3,2026-04-13,493.38
682,177,74,2,2026-09-04,1634.62
683,779,92,2,2026-08-27,1432.22
684,853,21,1,2026-07-28,615.73
685,282,71,3,2026-04-17,2323.56
686,63,67,2,2026-03-27,299.02
687,217,47,1,2026-04-24,318.59
688,854,84,1,2026-07-21,72.92
689,827,83,2,2026-05-15,675.18
690,795,35,2,2026-07-23,1931.96
691,689,68,4,2026-06-21,3216.72
692,461,69,3,2026-06-29,251.43
693,929,1,4,2026-09-11,1523.16
694,610,68,1,2026-07-22,804.18
695,105,12,2,2026-07-28,1940.42
696,99,60,4,2026-08-15,1328.32
697,511,27,1,2026-05-15,207.68
698,385,56,3,2026-07-14,2767.98
699,405,23,2,2026-03-20,598.44
700,823,25,4,2026-04-13,1846.04
701,518,21,3,2026-03-18,1847.19
702,476,61,4,2026-07-24,1579.16
703,977,63,1,2026-06-05,830.45
704,709,52,3,2026-07-15,2332.14
705,863,88,4,2026-04-26,2564.72
706,645,25,3,2026-06-24,1384.53
707,870,55,1,2026-07-04,601.92
708,771,46,3,2026-06-09,1997.6999999999998
709,437,32,4,2026-05-18,715.28
710,23,55,1,2026-05-01,601.92
711,997,96,2,2026-04-01,997.72
712,565,5,4,2026-06-15,657.84
713,677,36,4,2026-06-28,3241.24
714,714,49,1,2026-07-10,551.24
715,458,58,1,2026-06-14,204.02
716,83,39,2,2026-05-06,1374.78
717,145,80,4,2026-05-10,498.84
718,85,97,1,2026-05-18,527.51
719,78,85,2,2026-08-20,635.74
720,457,61,2,2026-05-17,789.58
721,878,9,1,2026-06-25,605.1
722,1,6,4,2026-07-24,657.72
723,51,35,3,2026-06-12,2897.94
724,685,39,3,2026-06-26,2062.17
725,717,22,2,2026-06-01,296.2
726,772,41,3,2026-09-03,392.46
727,446,5,3,2026-04-23,493.38
728,449,42,1,2026-07-20,500.23
729,881,87,2,2026-08-08,1464.62
730,488,81,4,2026-09-10,3457.88
731,800,76,2,2026-07-10,1463.44
732,34,87,1,2026-04-26,732.31
733,348,80,3,2026-04-18,374.13
734,95,67,4,2026-04-19,598.04
735,72,30,2,2026-05-31,111.98
736,551,57,3,2026-07-01,292.83
737,154,86,2,2026-08-06,663.86
738,250,73,4,2026-07-26,61.88
739,674,29,2,2026-06-22,1192.98
740,438,37,2,2026-07-18,623.14
741,118,87,2,2026-06-09,1464.62
742,771,13,3,2026-04-22,2502.36
743,891,32,4,2026-07-14,715.28
744,306,46,4,2026-05-10,2663.6
745,268,23,3,2026-04-27,897.6600000000001
746,961,45,3,2026-03-31,798.5699999999999
747,54,17,3,2026-03-23,933.5999999999999
748,236,85,1,2026-06-20,317.87
749,389,66,2,2026-07-11,1094.54
750,990,6,2,2026-05-12,328.86
751,734,18,4,2026-04-03,2118.04
752,763,94,2,2026-05-12,1131.32
753,825,22,1,2026-05-20,148.1
754,401,33,3,2026-08-02,223.20000000000002
755,624,30,4,2026-06-16,223.96
756,767,81,4,2026-08-02,3457.88
757,303,32,2,2026-08-10,357.64
758,919,42,4,2026-04-28,2000.92
759,207,78,3,2026-05-12,249.89999999999998
760,229,10,4,2026-07-29,2843.96
761,853,36,3,2026-04-29,2430.93
762,910,34,1,2026-04-03,949.4
763,578,73,1,2026-08-30,15.47
764,75,28,3,2026-05-03,1557.27
765,435,11,2,2026-09-06,60.76
766,103,78,4,2026-08-26,333.2
767,422,39,2,2026-03-27,1374.78
768,704,47,4,2026-09-02,1274.36
769,764,19,1,2026-09-13,437.63
770,738,15,1,2026-06-01,190.01
771,806,28,1,2026-08-10,519.09
772,306,24,4,2026-04-06,1490.8
773,98,72,1,2026-07-17,206.73
774,850,9,1,2026-08-28,605.1
775,798,47,1,2026-08-07,318.59
776,335,33,1,2026-09-12,74.4
777,859,62,2,2026-07-21,557.28
778,435,97,1,2026-05-08,527.51
779,447,19,1,2026-05-21,437.63
780,994,67,2,2026-06-11,299.02
781,308,74,2,2026-08-30,1634.62
782,249,40,4,2026-04-09,1783.0
783,166,47,3,2026-04-04,955.77
784,481,65,1,2026-03-28,288.13
785,984,29,1,2026-04-10,596.49
786,335,50,1,2026-05-14,193.01
787,542,98,4,2026-03-30,1733.08
788,759,13,1,2026-05-13,834.12
789,106,1,3,2026-09-10,1142.3700000000001
790,563,34,2,2026-09-13,1898.8
791,81,93,4,2026-05-01,3052.72
792,133,48,2,2026-04-26,1049.74
793,797,77,1,2026-06-01,773.56
794,900,48,1,2026-09-11,524.87
795,138,49,1,2026-09-10,551.24
796,184,64,3,2026-05-02,1089.57
797,401,61,3,2026-07-06,1184.3700000000001
798,330,29,4,2026-04-30,2385.96
799,785,39,2,2026-07-03,1374.78
800,508,88,1,2026-09-10,641.18
801,852,26,1,2026-05-09,787.32
802,984,17,1,2026-03-20,311.2
803,69,71,1,2026-03-26,774.52
804,546,13,3,2026-05-27,2502.36
805,774,69,2,2026-07-31,167.62
806,53,26,2,2026-08-18,1574.64
807,450,49,4,2026-08-21,2204.96
808,205,67,3,2026-05-03,448.53
809,126,7,1,2026-08-07,67.5
810,747,58,2,2026-07-15,408.04
811,43,49,2,2026-07-27,1102.48
812,752,53,3,2026-04-09,2820.3
813,971,65,4,2026-05-03,1152.52
814,883,62,4,2026-07-12,1114.56
815,111,17,1,2026-06-16,311.2
816,761,43,4,2026-07-08,176.16
817,663,25,2,2026-06-05,923.02
818,183,3,4,2026-08-25,2938.68
819,848,79,1,2026-06-11,364.88
820,95,29,2,2026-06-03,1192.98
821,971,32,4,2026-05-20,715.28
822,374,26,4,2026-04-23,3149.28
823,912,16,3,2026-07-14,574.71
824,520,25,1,2026-03-20,461.51
825,900,54,4,2026-07-19,3583.52
826,360,28,3,2026-06-30,1557.27
827,900,73,2,2026-03-23,30.94
828,696,56,3,2026-08-25,2767.98
829,281,65,3,2026-03-31,864.39
830,195,93,4,2026-04-01,3052.72
831,864,86,4,2026-09-06,1327.72
832,195,80,4,2026-08-22,498.84
833,667,41,3,2026-06-03,392.46
834,93,51,2,2026-06-09,1939.78
835,672,71,1,2026-06-10,774.52
836,946,78,3,2026-04-26,249.89999999999998
837,61,29,4,2026-05-16,2385.96
838,634,83,1,2026-08-31,337.59
839,51,19,2,2026-04-04,875.26
840,403,66,1,2026-09-12,547.27
841,789,41,4,2026-03-19,523.28
842,5,45,3,2026-08-02,798.5699999999999
843,466,15,3,2026-08-24,570.03
844,604,3,4,2026-05-10,2938.68
845,682,11,3,2026-05-26,91.14
846,829,53,4,2026-04-02,3760.4
847,534,46,3,2026-06-22,1997.6999999999998
848,405,30,3,2026-04-23,167.97
849,838,57,3,2026-08-21,292.83
850,513,18,2,2026-05-02,1059.02
851,645,51,2,2026-09-04,1939.78
852,233,48,4,2026-07-18,2099.48
853,524,66,2,2026-07-22,1094.54
854,346,96,4,2026-03-21,1995.44
855,46,8,1,2026-04-22,867.51
856,546,22,1,2026-05-16,148.1
857,945,6,2,2026-07-07,328.86
858,78,76,1,2026-09-03,731.72
859,730,57,1,2026-08-26,97.61
860,813,36,3,2026-03-23,2430.93
861,923,79,3,2026-07-05,1094.6399999999999
862,73,92,4,2026-04-28,2864.44
863,794,57,1,2026-04-23,97.61
864,249,49,4,2026-03-30,2204.96
865,47,45,4,2026-09-06,1064.76
866,121,82,1,2026-07-31,627.07
867,214,66,2,2026-06-26,1094.54
868,239,77,1,2026-09-10,773.56
869,56,45,3,2026-07-23,798.5699999999999
870,350,79,1,2026-04-17,364.88
871,107,20,2,2026-08-09,596.64
872,831,64,4,2026-06-05,1452.76
873,48,93,4,2026-08-26,3052.72
874,573,93,3,2026-06-30,2289.54
875,337,67,3,2026-08-04,448.53
876,26,83,3,2026-04-23,1012.77
877,804,3,4,2026-07-15,2938.68
878,257,54,3,2026-04-22,2687.64
879,8,78,1,2026-06-07,83.3
880,625,64,4,2026-03-25,1452.76
881,867,40,2,2026-04-29,891.5
882,253,59,4,2026-06-22,219.12
883,692,55,1,2026-06-08,601.92
884,719,62,1,2026-08-10,278.64
885,303,4,3,2026-03-22,1808.0099999999998
886,639,60,4,2026-08-25,1328.32
887,56,75,4,2026-05-09,2839.16
888,726,95,4,2026-06-18,3093.04
889,526,96,2,2026-09-01,997.72
890,474,91,3,2026-08-20,385.20000000000005
891,28,30,1,2026-05-26,55.99
892,983,2,1,2026-07-17,951.21
893,78,62,3,2026-08-26,835.92
894,216,49,1,2026-06-19,551.24
895,386,9,1,2026-04-13,605.1
896,365,92,3,2026-04-10,2148.33
897,666,31,1,2026-04-15,611.47
898,526,98,4,2026-06-05,1733.08
899,699,61,2,2026-06-23,789.58
900,312,79,3,2026-09-07,1094.6399999999999
901,883,48,2,2026-04-05,1049.74
902,7,25,1,2026-07-07,461.51
903,3,36,1,2026-05-22,810.31
904,623,8,4,2026-05-12,3470.04
905,919,73,3,2026-07-18,46.410000000000004
906,750,58,1,2026-06-15,204.02
907,363,45,3,2026-04-26,798.5699999999999
908,751,62,3,2026-06-10,835.92
909,508,39,3,2026-05-27,2062.17
910,274,96,3,2026-07-29,1496.58
911,506,58,3,2026-03-24,612.0600000000001
912,806,81,2,2026-04-18,1728.94
913,739,99,4,2026-03-29,140.64
914,883,83,3,2026-06-09,1012.77
915,15,64,2,2026-08-24,726.38
916,192,44,1,2026-04-09,910.23
917,985,29,3,2026-07-01,1789.47
918,631,59,1,2026-07-13,54.78
919,485,71,3,2026-08-27,2323.56
920,28,92,2,2026-08-24,1432.22
921,714,9,2,2026-07-08,1210.2
922,39,92,2,2026-08-06,1432.22
923,953,6,4,2026-06-09,657.72
924,273,29,1,2026-04-05,596.49
925,231,58,4,2026-08-06,816.08
926,86,17,3,2026-06-07,933.5999999999999
927,474,16,1,2026-06-25,191.57
928,126,87,2,2026-06-14,1464.62
929,812,95,1,2026-08-18,773.26
930,537,3,2,2026-08-22,1469.34
931,145,21,4,2026-09-13,2462.92
932,525,64,4,2026-06-28,1452.76
933,212,90,2,2026-05-24,954.98
934,25,36,2,2026-06-14,1620.62
935,580,86,3,2026-07-07,995.79
936,394,62,4,2026-08-19,1114.56
937,67,42,4,2026-08-12,2000.92
938,233,76,3,2026-08-23,2195.16
939,109,42,4,2026-07-29,2000.92
940,146,61,2,2026-05-27,789.58
941,111,13,1,2026-05-23,834.12
942,228,11,1,2026-04-25,30.38
943,111,54,4,2026-04-25,3583.52
944,470,16,3,2026-05-06,574.71
945,34,8,2,2026-06-02,1735.02
946,623,59,1,2026-08-19,54.78
947,776,57,2,2026-09-08,195.22
948,936,40,4,2026-08-23,1783.0
949,369,59,4,2026-06-16,219.12
950,748,2,1,2026-04-26,951.21
951,595,94,4,2026-08-22,2262.64
952,554,94,3,2026-04-15,1696.98
953,425,76,4,2026-04-14,2926.88
954,613,10,4,2026-06-23,2843.96
955,518,44,4,2026-06-08,3640.92
956,692,11,2,2026-09-11,60.76
957,282,79,2,2026-07-02,729.76
958,320,80,1,2026-06-01,124.71
959,738,81,1,2026-06-07,864.47
960,443,90,1,2026-08-24,477.49
961,952,2,4,2026-04-24,3804.84
962,315,50,2,2026-07-14,386.02
963,877,12,3,2026-04-21,2910.63
964,966,90,4,2026-05-04,1909.96
965,741,23,4,2026-08-02,1196.88
966,377,18,4,2026-03-23,2118.04
967,289,62,3,2026-06-09,835.92
968,437,96,1,2026-08-02,498.86
969,662,62,3,2026-08-10,835.92
970,277,38,1,2026-07-08,106.7
971,710,67,3,2026-06-29,448.53
972,582,38,2,2026-07-08,213.4
973,503,67,4,2026-05-11,598.04
974,624,94,4,2026-08-08,2262.64
975,516,61,4,2026-08-29,1579.16
976,350,1,1,2026-08-03,380.79
977,843,94,3,2026-05-26,1696.98
978,446,45,2,2026-07-06,532.38
979,830,96,3,2026-05-30,1496.58
980,350,28,4,2026-06-30,2076.36
981,607,21,2,2026-05-14,1231.46
982,664,13,2,2026-08-26,1668.24
983,823,27,4,2026-06-14,830.72
984,137,100,3,2026-07-12,350.43
985,759,7,4,2026-07-13,270.0
986,899,22,3,2026-04-07,444.29999999999995
987,243,74,2,2026-05-11,1634.62
988,543,53,2,2026-04-15,1880.2
989,40,79,4,2026-04-10,1459.52
990,229,79,2,2026-07-26,729.76
991,548,4,1,2026-05-20,602.67
992,920,96,2,2026-08-18,997.72
993,223,23,1,2026-08-11,299.22
994,6,70,2,2026-06-29,1974.04
995,322,88,4,2026-09-13,2564.72
996,468,84,4,2026-06-05,291.68
997,732,84,1,2026-06-21,72.92
998,75,76,4,2026-04-09,2926.88
999,4,33,2,2026-06-09,148.8
1000,847,28,2,2026-06-22,1038.18
1001,646,8,4,2026-05-25,3470.04
1002,118,1,2,2026-06-21,761.58
1003,881,37,3,2026-05-27,934.71
1004,606,63,3,2026-04-01,2491.3500000000004
1005,504,22,2,2026-04-15,296.2
1006,998,70,4,2026-08-11,3948.08
1007,947,21,1,2026-06-30,615.73
1008,574,96,4,2026-06-24,1995.44
1009,441,35,1,2026-04-13,965.98
1010,194,79,4,2026-03-21,1459.52
1011,847,5,2,2026-07-25,328.92
1012,715,60,3,2026-05-15,996.24
1013,392,46,4,2026-06-26,2663.6
1014,26,50,1,2026-07-31,193.01
1015,435,48,3,2026-06-05,1574.6100000000001
1016,173,6,1,2026-06-25,164.43
1017,300,89,2,2026-07-02,1776.68
1018,645,56,3,2026-03-21,2767.98
1019,326,59,1,2026-04-05,54.78
1020,410,29,4,2026-05-12,2385.96
1021,118,71,2,2026-04-20,1549.04
1022,836,77,2,2026-07-14,1547.12
1023,787,18,2,2026-06-23,1059.02
1024,724,2,4,2026-06-10,3804.84
1025,225,8,4,2026-07-05,3470.04
1026,532,75,3,2026-06-06,2129.37
1027,113,97,4,2026-06-13,2110.04
1028,140,54,3,2026-08-16,2687.64
1029,559,38,2,2026-04-23,213.4
1030,1,48,3,2026-07-25,1574.6100000000001
1031,90,27,1,2026-04-16,207.68
1032,654,20,2,2026-04-28,596.64
1033,320,12,2,2026-07-30,1940.42
1034,550,43,3,2026-03-24,132.12
1035,805,61,2,2026-04-27,789.58
1036,894,31,4,2026-09-08,2445.88
1037,139,91,1,2026-05-19,128.4
1038,511,96,3,2026-07-23,1496.58
1039,868,61,3,2026-05-25,1184.3700000000001
1040,845,74,2,2026-07-02,1634.62
1041,259,67,4,2026-03-21,598.04
1042,673,91,2,2026-08-28,256.8
1043,902,35,2,2026-06-02,1931.96
1044,690,95,3,2026-03-26,2319.7799999999997
1045,10,15,2,2026-05-10,380.02
1046,261,16,1,2026-08-10,191.57
1047,919,13,2,2026-04-05,1668.24
1048,650,35,2,2026-06-29,1931.96
1049,172,75,3,2026-07-15,2129.37
1050,898,59,2,2026-07-12,109.56
1051,13,21,4,2026-03-30,2462.92
1052,168,54,3,2026-08-06,2687.64
1053,642,75,2,2026-05-29,1419.58
1054,596,30,1,2026-06-10,55.99
1055,321,48,1,2026-08-27,524.87
1056,319,35,3,2026-05-23,2897.94
1057,613,86,3,2026-04-14,995.79
1058,329,38,2,2026-05-15,213.4
1059,785,31,4,2026-04-18,2445.88
1060,777,78,2,2026-06-04,166.6
1061,971,24,1,2026-05-01,372.7
1062,911,49,4,2026-05-08,2204.96
1063,920,96,4,2026-03-21,1995.44
1064,550,100,4,2026-05-30,467.24
1065,419,32,2,2026-04-28,357.64
1066,606,55,1,2026-09-05,601.92
1067,95,79,3,2026-06-14,1094.6399999999999
1068,817,58,2,2026-03-19,408.04
1069,581,99,3,2026-04-30,105.47999999999999
1070,318,3,4,2026-04-15,2938.68
1071,956,80,4,2026-04-04,498.84
1072,236,69,2,2026-08-24,167.62
1073,946,85,1,2026-08-18,317.87
1074,334,10,4,2026-07-13,2843.96
1075,885,83,3,2026-03-30,1012.77
1076,376,25,3,2026-03-28,1384.53
1077,459,68,2,2026-06-16,1608.36
1078,137,61,3,2026-08-03,1184.3700000000001
1079,930,29,1,2026-04-02,596.49
1080,588,19,4,2026-04-11,1750.52
1081,995,43,3,2026-09-03,132.12
1082,547,66,3,2026-04-23,1641.81
1083,513,74,4,2026-04-02,3269.24
1084,296,61,2,2026-03-25,789.58
1085,320,43,3,2026-04-02,132.12
1086,918,25,2,2026-06-04,923.02
1087,572,20,2,2026-06-22,596.64
1088,832,48,3,2026-05-27,1574.6100000000001
1089,349,83,1,2026-08-18,337.59
1090,840,87,2,2026-09-12,1464.62
1091,779,24,3,2026-08-20,1118.1
1092,873,11,2,2026-07-10,60.76
1093,229,98,4,2026-07-20,1733.08
1094,270,55,1,2026-05-07,601.92
1095,828,28,1,2026-05-05,519.09
1096,798,69,4,2026-04-25,335.24
1097,291,63,4,2026-04-19,3321.8
1098,725,59,2,2026-03-22,109.56
1099,165,5,4,2026-04-20,657.84
1100,5,51,1,2026-07-20,969.89
1101,851,21,4,2026-05-23,2462.92
1102,379,12,3,2026-06-11,2910.63
1103,78,50,3,2026-06-06,579.03
1104,410,4,2,2026-05-19,1205.34
1105,574,42,1,2026-03-25,500.23
1106,132,84,3,2026-04-17,218.76
1107,601,38,4,2026-03-22,426.8
1108,749,25,3,2026-05-09,1384.53
1109,42,14,3,2026-08-07,660.66
1110,89,75,2,2026-06-18,1419.58
1111,402,32,4,2026-09-08,715.28
1112,296,11,4,2026-05-14,121.52
1113,840,61,4,2026-08-19,1579.16
1114,295,18,2,2026-07-01,1059.02
1115,616,27,4,2026-05-31,830.72
1116,526,55,4,2026-08-24,2407.68
1117,800,54,3,2026-08-16,2687.64
1118,691,82,3,2026-08-09,1881.21
1119,637,87,4,2026-06-17,2929.24
1120,422,75,1,2026-06-27,709.79
1121,865,21,1,2026-06-19,615.73
1122,23,44,4,2026-05-21,3640.92
1123,575,5,1,2026-07-24,164.46
1124,143,87,2,2026-05-04,1464.62
1125,993,41,3,2026-05-14,392.46
1126,665,59,2,2026-06-17,109.56
1127,145,89,3,2026-05-16,2665.02
1128,225,54,1,2026-08-21,895.88
1129,503,74,1,2026-05-25,817.31
1130,962,22,4,2026-03-20,592.4
1131,974,83,1,2026-05-22,337.59
1132,821,65,1,2026-06-25,288.13
1133,616,64,4,2026-08-28,1452.76
1134,104,71,4,2026-06-30,3098.08
1135,947,4,3,2026-09-03,1808.0099999999998
1136,39,65,1,2026-08-16,288.13
1137,947,15,3,2026-09-09,570.03
1138,198,76,3,2026-06-19,2195.16
1139,646,22,2,2026-04-02,296.2
1140,579,86,1,2026-08-18,331.93
1141,391,47,1,2026-03-25,318.59
1142,179,81,2,2026-08-03,1728.94
1143,968,93,3,2026-07-14,2289.54
1144,554,46,1,2026-05-05,665.9
1145,448,14,3,2026-08-01,660.66
1146,500,50,2,2026-04-26,386.02
1147,15,20,4,2026-08-05,1193.28
1148,623,50,3,2026-06-22,579.03
1149,669,33,1,2026-04-24,74.4
1150,289,59,4,2026-05-28,219.12
1151,478,43,3,2026-05-19,132.12
1152,231,79,3,2026-07-17,1094.6399999999999
1153,923,12,4,2026-06-03,3880.84
1154,420,40,4,2026-04-06,1783.0
1155,157,20,4,2026-07-29,1193.28
1156,550,94,1,2026-07-29,565.66
1157,441,38,1,2026-04-04,106.7
1158,97,3,3,2026-03-30,2204.0099999999998
1159,997,28,3,2026-05-27,1557.27
1160,411,56,2,2026-06-05,1845.32
1161,951,90,1,2026-09-07,477.49
1162,289,94,3,2026-04-10,1696.98
1163,254,13,4,2026-07-26,3336.48
1164,196,77,4,2026-05-22,3094.24
1165,598,66,1,2026-04-16,547.27
1166,834,37,4,2026-05-28,1246.28
1167,522,49,2,2026-06-07,1102.48
1168,517,66,3,2026-09-13,1641.81
1169,635,36,3,2026-03-18,2430.93
1170,842,54,3,2026-07-22,2687.64
1171,865,26,1,2026-07-24,787.32
1172,118,75,4,2026-07-05,2839.16
1173,806,72,2,2026-03-18,413.46
1174,909,40,1,2026-08-29,445.75
1175,159,43,3,2026-04-20,132.12
1176,815,22,2,2026-08-19,296.2
1177,228,20,3,2026-04-30,894.96
1178,877,8,3,2026-07-29,2602.5299999999997
1179,216,29,1,2026-06-13,596.49
1180,948,40,3,2026-06-23,1337.25
1181,696,90,2,2026-07-26,954.98
1182,15,30,3,2026-05-20,167.97
1183,157,81,4,2026-08-16,3457.88
1184,648,84,3,2026-07-09,218.76
1185,261,55,1,2026-03-27,601.92
1186,157,16,2,2026-05-12,383.14
1187,47,46,1,2026-05-02,665.9
1188,324,62,4,2026-04-04,1114.56
1189,844,7,3,2026-06-26,202.5
1190,685,80,1,2026-04-15,124.71
1191,130,45,1,2026-06-07,266.19
1192,411,59,1,2026-04-11,54.78
1193,95,56,1,2026-06-06,922.66
1194,627,48,4,2026-04-17,2099.48
1195,755,27,4,2026-08-16,830.72
1196,932,53,3,2026-06-17,2820.3
1197,292,87,3,2026-06-16,2196.93
1198,794,88,2,2026-05-20,1282.36
1199,811,73,4,2026-04-09,61.88
1200,283,35,1,2026-08-01,965.98
1201,69,51,1,2026-03-26,969.89
1202,660,84,2,2026-03-18,145.84
1203,11,37,1,2026-06-30,311.57
1204,254,81,2,2026-04-10,1728.94
1205,842,95,3,2026-04-16,2319.7799999999997
1206,872,57,4,2026-08-24,390.44
1207,550,8,2,2026-03-26,1735.02
1208,134,79,1,2026-08-11,364.88
1209,712,95,2,2026-06-26,1546.52
1210,23,94,3,2026-08-15,1696.98
1211,815,20,1,2026-07-15,298.32
1212,346,53,3,2026-06-28,2820.3
1213,302,12,3,2026-08-16,2910.63
1214,363,49,2,2026-07-30,1102.48
1215,396,17,3,2026-06-11,933.5999999999999
1216,218,64,1,2026-03-21,363.19
1217,141,42,3,2026-08-09,1500.69
1218,616,94,3,2026-05-07,1696.98
1219,958,29,2,2026-06-07,1192.98
1220,210,19,3,2026-05-30,1312.8899999999999
1221,985,11,4,2026-04-15,121.52
1222,993,98,2,2026-08-10,866.54
1223,623,50,2,2026-04-20,386.02
1224,616,71,1,2026-06-08,774.52
1225,828,58,1,2026-05-29,204.02
1226,683,34,1,2026-07-29,949.4
1227,460,20,1,2026-05-13,298.32
1228,356,50,4,2026-04-05,772.04
1229,324,88,2,2026-04-30,1282.36
1230,133,10,3,2026-03-21,2132.9700000000003
1231,888,32,1,2026-04-02,178.82
1232,805,52,1,2026-08-01,777.38
1233,840,15,1,2026-04-25,190.01
1234,127,84,3,2026-08-03,218.76
1235,106,3,1,2026-05-12,734.67
1236,604,37,3,2026-07-03,934.71
1237,799,40,2,2026-08-10,891.5
1238,378,72,2,2026-07-29,413.46
1239,905,40,2,2026-06-26,891.5
1240,51,56,4,2026-05-22,3690.64
1241,29,23,3,2026-04-09,897.6600000000001
1242,462,11,1,2026-09-01,30.38
1243,296,64,1,2026-06-15,363.19
1244,297,8,1,2026-09-12,867.51
1245,726,93,1,2026-05-13,763.18
1246,779,94,4,2026-08-11,2262.64
1247,407,56,1,2026-07-27,922.66
1248,769,60,4,2026-06-08,1328.32
1249,814,10,3,2026-04-24,2132.9700000000003
1250,613,39,2,2026-05-08,1374.78
1251,405,28,1,2026-03-31,519.09
1252,346,49,2,2026-05-11,1102.48
1253,622,36,3,2026-06-02,2430.93
1254,420,13,3,2026-03-23,2502.36
1255,182,96,1,2026-05-12,498.86
1256,983,36,3,2026-05-31,2430.93
1257,825,26,2,2026-05-24,1574.64
1258,1,86,1,2026-05-12,331.93
1259,831,4,4,2026-08-03,2410.68
1260,950,95,1,2026-08-24,773.26
1261,567,82,2,2026-04-23,1254.14
1262,371,64,1,2026-09-07,363.19
1263,936,38,1,2026-07-20,106.7
1264,911,88,2,2026-07-02,1282.36
1265,661,87,1,2026-09-06,732.31
1266,431,22,1,2026-07-06,148.1
1267,969,2,2,2026-07-19,1902.42
1268,309,31,3,2026-04-30,1834.41
1269,137,11,2,2026-07-03,60.76
1270,202,92,1,2026-08-02,716.11
1271,436,46,4,2026-05-20,2663.6
1272,313,96,4,2026-04-23,1995.44
1273,117,62,2,2026-05-11,557.28
1274,666,69,4,2026-04-27,335.24
1275,937,64,1,2026-05-07,363.19
1276,803,10,1,2026-08-17,710.99
1277,575,40,2,2026-04-21,891.5
1278,244,24,1,2026-08-16,372.7
1279,537,99,3,2026-07-08,105.47999999999999
1280,602,44,1,2026-04-28,910.23
1281,75,60,2,2026-06-13,664.16
1282,806,62,3,2026-04-29,835.92
1283,386,87,3,2026-09-04,2196.93
1284,903,17,4,2026-05-25,1244.8
1285,210,65,1,2026-04-28,288.13
1286,475,95,2,2026-07-21,1546.52
1287,418,95,4,2026-05-29,3093.04
1288,347,57,4,2026-08-19,390.44
1289,529,55,1,2026-03-31,601.92
1290,640,53,1,2026-07-13,940.1
1291,939,56,2,2026-06-30,1845.32
1292,955,98,4,2026-09-06,1733.08
1293,876,9,2,2026-05-22,1210.2
1294,763,22,4,2026-07-09,592.4
1295,179,13,4,2026-06-17,3336.48
1296,182,89,4,2026-08-23,3553.36
1297,664,48,1,2026-05-25,524.87
1298,25,18,4,2026-08-15,2118.04
1299,967,76,4,2026-07-16,2926.88
1300,180,40,4,2026-07-23,1783.0
1301,710,17,3,2026-04-17,933.5999999999999
1302,501,15,1,2026-03-22,190.01
1303,856,15,3,2026-06-17,570.03
1304,161,79,1,2026-04-11,364.88
1305,177,63,2,2026-04-06,1660.9
1306,285,39,3,2026-05-28,2062.17
1307,63,13,2,2026-08-03,1668.24
1308,662,81,4,2026-04-10,3457.88
1309,666,32,2,2026-08-10,357.64
1310,156,9,2,2026-07-24,1210.2
1311,882,40,2,2026-07-24,891.5
1312,469,20,2,2026-08-30,596.64
1313,49,90,1,2026-04-22,477.49
1314,967,91,3,2026-06-17,385.20000000000005
1315,849,85,1,2026-05-01,317.87
1316,84,82,1,2026-07-05,627.07
1317,361,77,1,2026-04-15,773.56
1318,689,80,2,2026-04-30,249.42
1319,148,73,1,2026-08-02,15.47
1320,630,63,3,2026-06-24,2491.3500000000004
1321,342,76,1,2026-03-18,731.72
1322,476,44,4,2026-07-02,3640.92
1323,63,38,2,2026-07-02,213.4
1324,701,83,4,2026-04-21,1350.36
1325,360,60,3,2026-07-08,996.24
1326,561,71,3,2026-05-06,2323.56
1327,327,99,3,2026-03-25,105.47999999999999
1328,769,48,3,2026-08-21,1574.6100000000001
1329,736,18,1,2026-08-11,529.51
1330,141,16,2,2026-06-01,383.14
1331,990,55,3,2026-08-30,1805.7599999999998
1332,215,39,4,2026-07-06,2749.56
1333,435,68,3,2026-03-31,2412.54
1334,891,59,2,2026-08-13,109.56
1335,952,89,4,2026-03-19,3553.36
1336,723,96,4,2026-08-12,1995.44
1337,318,62,4,2026-07-13,1114.56
1338,32,13,1,2026-08-08,834.12
1339,670,81,3,2026-06-24,2593.41
1340,285,6,1,2026-07-13,164.43
1341,305,83,4,2026-03-25,1350.36
1342,429,77,1,2026-06-06,773.56
1343,477,60,1,2026-05-12,332.08
1344,286,90,1,2026-08-09,477.49
1345,144,14,3,2026-04-20,660.66
1346,424,95,4,2026-04-06,3093.04
1347,19,54,4,2026-07-08,3583.52
1348,18,4,3,2026-04-07,1808.0099999999998
1349,769,39,1,2026-05-31,687.39
1350,590,72,1,2026-06-10,206.73
1351,371,25,2,2026-05-22,923.02
1352,175,77,2,2026-08-26,1547.12
1353,194,32,2,2026-04-05,357.64
1354,502,59,3,2026-08-22,164.34
1355,988,63,4,2026-06-03,3321.8
1356,113,38,2,2026-05-06,213.4
1357,114,92,4,2026-07-05,2864.44
1358,222,53,4,2026-03-21,3760.4
1359,678,94,4,2026-06-12,2262.64
1360,947,67,3,2026-05-21,448.53
1361,831,28,3,2026-05-13,1557.27
1362,644,3,3,2026-06-23,2204.0099999999998
1363,897,98,3,2026-04-19,1299.81
1364,264,80,2,2026-09-14,249.42
1365,925,22,1,2026-08-22,148.1
1366,55,96,1,2026-05-20,498.86
1367,871,38,1,2026-04-05,106.7
1368,643,72,2,2026-03-28,413.46
1369,800,72,1,2026-03-20,206.73
1370,778,62,2,2026-06-15,557.28
1371,458,57,2,2026-08-29,195.22
1372,979,6,2,2026-05-01,328.86
1373,878,78,1,2026-06-05,83.3
1374,162,32,4,2026-07-21,715.28
1375,380,99,1,2026-05-28,35.16
1376,993,10,1,2026-07-22,710.99
1377,87,3,3,2026-05-11,2204.0099999999998
1378,55,59,2,2026-07-08,109.56
1379,476,76,4,2026-06-24,2926.88
1380,800,49,3,2026-07-04,1653.72
1381,178,59,4,2026-06-20,219.12
1382,391,31,4,2026-04-27,2445.88
1383,349,93,2,2026-04-20,1526.36
1384,8,69,1,2026-08-12,83.81
1385,833,62,2,2026-04-23,557.28
1386,313,52,2,2026-05-13,1554.76
1387,759,89,3,2026-06-19,2665.02
1388,835,41,2,2026-03-24,261.64
1389,984,31,1,2026-09-02,611.47
1390,983,85,4,2026-09-03,1271.48
1391,443,84,2,2026-08-20,145.84
1392,767,22,4,2026-04-07,592.4
1393,328,4,2,2026-05-20,1205.34
1394,54,13,4,2026-09-10,3336.48
1395,761,45,2,2026-08-14,532.38
1396,239,42,3,2026-08-05,1500.69
1397,229,49,4,2026-05-25,2204.96
1398,579,20,2,2026-05-21,596.64
1399,51,77,2,2026-09-14,1547.12
1400,609,81,3,2026-05-28,2593.41
1401,604,54,3,2026-07-25,2687.64
1402,264,36,3,2026-03-22,2430.93
1403,418,97,4,2026-08-12,2110.04
1404,803,1,4,2026-04-01,1523.16
1405,96,15,3,2026-06-29,570.03
1406,88,77,1,2026-08-05,773.56
1407,78,17,1,2026-07-06,311.2
1408,288,24,2,2026-08-22,745.4
1409,120,58,1,2026-03-31,204.02
1410,814,72,2,2026-06-14,413.46
1411,491,91,4,2026-07-12,513.6
1412,912,23,4,2026-08-24,1196.88
1413,452,46,1,2026-06-11,665.9
1414,500,72,4,2026-03-28,826.92
1415,165,8,3,2026-04-01,2602.5299999999997
1416,182,59,3,2026-08-03,164.34
1417,469,90,1,2026-09-01,477.49
1418,910,59,1,2026-06-05,54.78
1419,735,13,2,2026-04-07,1668.24
1420,823,39,4,2026-06-28,2749.56
1421,944,28,2,2026-03-19,1038.18
1422,978,89,2,2026-07-17,1776.68
1423,7,61,3,2026-05-28,1184.3700000000001
1424,330,16,3,2026-03-31,574.71
1425,775,2,3,2026-08-22,2853.63
1426,673,82,3,2026-03-18,1881.21
1427,151,17,2,2026-08-21,622.4
1428,85,30,3,2026-09-14,167.97
1429,147,13,4,2026-07-22,3336.48
1430,624,96,3,2026-05-15,1496.58
1431,381,93,3,2026-08-26,2289.54
1432,915,94,3,2026-08-12,1696.98
1433,548,82,1,2026-04-16,627.07
1434,285,13,4,2026-07-19,3336.48
1435,700,43,4,2026-05-05,176.16
1436,82,85,2,2026-03-24,635.74
1437,514,94,2,2026-05-24,1131.32
1438,897,21,3,2026-09-12,1847.19
1439,815,55,1,2026-09-12,601.92
1440,709,81,2,2026-03-20,1728.94
1441,916,40,2,2026-06-19,891.5
1442,523,83,3,2026-08-15,1012.77
1443,746,15,3,2026-05-29,570.03
1444,386,73,2,2026-03-21,30.94
1445,707,52,2,2026-08-12,1554.76
1446,471,74,4,2026-05-15,3269.24
1447,119,95,1,2026-08-27,773.26
1448,396,53,4,2026-07-18,3760.4
1449,532,87,2,2026-06-08,1464.62
1450,261,52,4,2026-08-23,3109.52
1451,805,30,4,2026-08-19,223.96
1452,934,33,2,2026-08-19,148.8
1453,256,57,3,2026-06-26,292.83
1454,734,52,2,2026-06-12,1554.76
1455,905,9,3,2026-06-30,1815.3000000000002
1456,226,54,2,2026-08-10,1791.76
1457,53,1,2,2026-06-09,761.58
1458,940,44,2,2026-08-11,1820.46
1459,867,99,1,2026-04-03,35.16
1460,500,75,3,2026-03-25,2129.37
1461,506,98,1,2026-08-09,433.27
1462,854,80,2,2026-08-28,249.42
1463,364,9,4,2026-05-02,2420.4
1464,280,32,1,2026-04-23,178.82
1465,593,15,3,2026-09-12,570.03
1466,714,12,2,2026-04-11,1940.42
1467,158,97,1,2026-04-01,527.51
1468,632,78,4,2026-08-03,333.2
1469,59,57,1,2026-05-25,97.61
1470,727,8,3,2026-06-17,2602.5299999999997
1471,128,72,1,2026-07-22,206.73
1472,736,27,4,2026-04-07,830.72
1473,721,62,4,2026-08-07,1114.56
1474,882,12,3,2026-06-01,2910.63
1475,115,65,4,2026-04-10,1152.52
1476,209,42,2,2026-03-23,1000.46
1477,526,62,4,2026-05-24,1114.56
1478,521,11,2,2026-07-21,60.76
1479,552,43,1,2026-08-23,44.04
1480,962,95,2,2026-08-20,1546.52
1481,237,17,2,2026-08-10,622.4
1482,281,97,1,2026-08-14,527.51
1483,359,32,4,2026-04-17,715.28
1484,201,93,2,2026-06-08,1526.36
1485,758,85,4,2026-06-17,1271.48
1486,278,85,1,2026-05-28,317.87
1487,235,40,3,2026-06-26,1337.25
1488,494,23,4,2026-08-10,1196.88
1489,4,56,4,2026-07-13,3690.64
1490,666,6,3,2026-07-06,493.29
1491,442,86,3,2026-04-02,995.79
1492,29,50,1,2026-08-24,193.01
1493,109,37,4,2026-07-13,1246.28
1494,610,64,4,2026-04-26,1452.76
1495,727,54,1,2026-04-14,895.88
1496,805,72,4,2026-04-14,826.92
1497,75,49,2,2026-04-12,1102.48
1498,838,99,2,2026-07-04,70.32
1499,146,11,2,2026-03-22,60.76
1500,128,88,4,2026-09-08,2564.72
1501,853,49,2,2026-03-30,1102.48
1502,42,21,2,2026-06-29,1231.46
1503,356,66,1,2026-07-24,547.27
1504,41,63,1,2026-05-05,830.45
1505,934,83,3,2026-04-12,1012.77
1506,34,28,3,2026-05-07,1557.27
1507,17,17,3,2026-07-28,933.5999999999999
1508,677,6,3,2026-06-06,493.29
1509,153,19,1,2026-07-01,437.63
1510,998,56,1,2026-04-02,922.66
1511,378,28,1,2026-09-01,519.09
1512,588,66,2,2026-07-15,1094.54
1513,599,38,2,2026-05-11,213.4
1514,629,37,3,2026-06-08,934.71
1515,874,68,2,2026-08-17,1608.36
1516,342,86,4,2026-07-15,1327.72
1517,981,90,1,2026-05-10,477.49
1518,27,49,3,2026-04-04,1653.72
1519,825,43,3,2026-04-15,132.12
1520,287,36,4,2026-08-27,3241.24
1521,646,58,2,2026-05-02,408.04
1522,731,13,3,2026-09-11,2502.36
1523,168,52,2,2026-06-14,1554.76
1524,610,58,2,2026-06-25,408.04
1525,268,32,4,2026-08-12,715.28
1526,749,81,3,2026-06-07,2593.41
1527,821,100,2,2026-04-22,233.62
1528,455,60,2,2026-05-30,664.16
1529,906,83,4,2026-06-13,1350.36
1530,685,58,4,2026-04-28,816.08
1531,401,99,2,2026-03-24,70.32
1532,922,56,4,2026-08-01,3690.64
1533,981,28,2,2026-05-17,1038.18
1534,476,1,3,2026-08-27,1142.3700000000001
1535,702,42,1,2026-09-10,500.23
1536,634,82,4,2026-04-17,2508.28
1537,558,48,1,2026-08-28,524.87
1538,576,40,2,2026-09-11,891.5
1539,130,97,2,2026-07-09,1055.02
1540,822,63,2,2026-07-21,1660.9
1541,363,76,1,2026-09-04,731.72
1542,705,72,2,2026-08-30,413.46
1543,819,88,4,2026-06-05,2564.72
1544,693,80,3,2026-05-08,374.13
1545,292,4,3,2026-07-03,1808.0099999999998
1546,371,38,4,2026-04-07,426.8
1547,794,27,3,2026-05-09,623.04
1548,29,9,1,2026-05-31,605.1
1549,149,16,2,2026-05-29,383.14
1550,779,56,2,2026-03-19,1845.32
1551,296,76,2,2026-06-04,1463.44
1552,11,31,1,2026-08-24,611.47
1553,512,88,1,2026-04-04,641.18
1554,676,14,1,2026-04-30,220.22
1555,113,25,4,2026-04-30,1846.04
1556,187,34,1,2026-04-10,949.4
1557,807,67,3,2026-08-06,448.53
1558,744,24,4,2026-07-05,1490.8
1559,227,73,4,2026-08-24,61.88
1560,310,26,4,2026-06-27,3149.28
1561,98,20,1,2026-08-25,298.32
1562,55,64,4,2026-05-07,1452.76
1563,623,10,1,2026-07-24,710.99
1564,664,83,1,2026-08-06,337.59
1565,758,67,4,2026-04-30,598.04
1566,406,24,2,2026-06-23,745.4
1567,69,5,2,2026-06-06,328.92
1568,312,67,4,2026-04-17,598.04
1569,289,58,2,2026-04-05,408.04
1570,762,27,3,2026-04-01,623.04
1571,548,80,3,2026-03-24,374.13
1572,751,15,1,2026-04-03,190.01
1573,148,35,2,2026-08-29,1931.96
1574,467,76,3,2026-06-27,2195.16
1575,739,53,4,2026-03-20,3760.4
1576,244,44,2,2026-05-26,1820.46
1577,491,26,3,2026-07-15,2361.96
1578,849,47,3,2026-08-31,955.77
1579,958,34,4,2026-07-14,3797.6
1580,507,87,1,2026-08-23,732.31
1581,365,95,4,2026-05-26,3093.04
1582,482,50,1,2026-08-16,193.01
1583,201,84,3,2026-05-21,218.76
1584,154,12,1,2026-04-11,970.21
1585,450,87,3,2026-04-12,2196.93
1586,501,4,3,2026-08-31,1808.0099999999998
1587,73,87,2,2026-06-27,1464.62
1588,713,48,1,2026-03-28,524.87
1589,296,55,1,2026-03-30,601.92
1590,17,1,1,2026-08-01,380.79
1591,641,89,4,2026-08-15,3553.36
1592,217,66,2,2026-09-11,1094.54
1593,61,30,2,2026-08-10,111.98
1594,939,3,2,2026-03-19,1469.34
1595,616,21,4,2026-09-12,2462.92
1596,42,89,1,2026-08-04,888.34
1597,25,84,1,2026-05-10,72.92
1598,39,49,1,2026-06-18,551.24
1599,803,86,2,2026-05-04,663.86
1600,131,85,2,2026-05-05,635.74
1601,498,62,3,2026-07-10,835.92
1602,229,97,4,2026-08-03,2110.04
1603,108,38,4,2026-06-11,426.8
1604,172,15,2,2026-08-13,380.02
1605,435,52,3,2026-07-08,2332.14
1606,478,79,1,2026-08-15,364.88
1607,102,46,2,2026-09-07,1331.8
1608,866,25,4,2026-06-21,1846.04
1609,524,21,4,2026-05-28,2462.92
1610,275,88,4,2026-07-07,2564.72
1611,613,5,1,2026-05-03,164.46
1612,44,70,4,2026-08-29,3948.08
1613,955,47,1,2026-07-09,318.59
1614,817,87,1,2026-04-20,732.31
1615,957,68,1,2026-04-07,804.18
1616,17,91,2,2026-08-26,256.8
1617,330,18,1,2026-05-10,529.51
1618,569,21,3,2026-05-21,1847.19
1619,823,92,4,2026-05-07,2864.44
1620,497,99,2,2026-06-14,70.32
1621,815,86,4,2026-08-31,1327.72
1622,12,23,1,2026-05-10,299.22
1623,318,64,2,2026-04-22,726.38
1624,592,67,3,2026-08-03,448.53
1625,216,40,1,2026-06-12,445.75
1626,339,10,4,2026-08-05,2843.96
1627,776,89,3,2026-07-11,2665.02
1628,991,52,1,2026-08-19,777.38
1629,661,72,3,2026-04-21,620.1899999999999
1630,81,75,1,2026-03-26,709.79
1631,727,61,2,2026-08-16,789.58
1632,485,64,1,2026-07-18,363.19
1633,374,5,2,2026-05-07,328.92
1634,976,53,1,2026-09-14,940.1
1635,710,55,1,2026-09-03,601.92
1636,200,37,4,2026-09-11,1246.28
1637,537,56,3,2026-07-14,2767.98
1638,466,59,3,2026-09-03,164.34
1639,89,93,3,2026-05-17,2289.54
1640,268,69,1,2026-06-13,83.81
1641,655,73,1,2026-06-08,15.47
1642,571,59,1,2026-08-07,54.78
1643,922,2,2,2026-07-31,1902.42
1644,489,65,2,2026-09-05,576.26
1645,877,60,4,2026-04-26,1328.32
1646,538,51,1,2026-03-31,969.89
1647,47,30,3,2026-05-30,167.97
1648,288,11,3,2026-07-19,91.14
1649,778,92,4,2026-06-24,2864.44
1650,16,76,3,2026-07-13,2195.16
1651,711,39,4,2026-05-31,2749.56
1652,401,90,1,2026-06-25,477.49
1653,919,77,3,2026-07-07,2320.68
1654,794,72,1,2026-08-26,206.73
1655,981,63,2,2026-04-21,1660.9
1656,86,64,3,2026-06-11,1089.57
1657,250,61,2,2026-08-15,789.58
1658,391,54,3,2026-05-09,2687.64
1659,782,92,1,2026-03-26,716.11
1660,335,94,4,2026-09-01,2262.64
1661,629,73,1,2026-07-31,15.47
1662,519,95,1,2026-07-19,773.26
1663,137,58,1,2026-05-05,204.02
1664,883,85,3,2026-09-03,953.61
1665,688,56,4,2026-06-04,3690.64
1666,840,34,2,2026-08-28,1898.8
1667,498,31,1,2026-05-18,611.47
1668,827,52,3,2026-07-04,2332.14
1669,727,89,2,2026-06-27,1776.68
1670,477,76,1,2026-06-23,731.72
1671,594,1,2,2026-08-23,761.58
1672,223,55,1,2026-04-26,601.92
1673,990,22,2,2026-05-21,296.2
1674,372,40,2,2026-09-12,891.5
1675,935,1,4,2026-06-12,1523.16
1676,995,65,4,2026-07-25,1152.52
1677,402,63,1,2026-07-02,830.45
1678,443,54,3,2026-04-23,2687.64
1679,490,42,4,2026-06-29,2000.92
1680,615,21,2,2026-04-08,1231.46
1681,273,79,4,2026-07-14,1459.52
1682,526,81,4,2026-05-19,3457.88
1683,159,22,1,2026-06-12,148.1
1684,152,38,4,2026-04-16,426.8
1685,995,99,4,2026-05-11,140.64
1686,620,80,2,2026-07-26,249.42
1687,188,8,4,2026-04-28,3470.04
1688,813,62,2,2026-07-14,557.28
1689,98,47,4,2026-08-07,1274.36
1690,131,17,4,2026-09-13,1244.8
1691,805,17,3,2026-06-02,933.5999999999999
1692,171,90,4,2026-09-08,1909.96
1693,936,13,2,2026-07-17,1668.24
1694,986,17,2,2026-04-29,622.4
1695,183,38,1,2026-06-18,106.7
1696,983,81,1,2026-04-05,864.47
1697,364,78,3,2026-03-21,249.89999999999998
1698,39,45,2,2026-09-12,532.38
1699,527,6,2,2026-06-21,328.86
1700,888,35,2,2026-09-14,1931.96
1701,497,14,3,2026-03-30,660.66
1702,516,72,2,2026-06-10,413.46
1703,349,61,1,2026-06-28,394.79
1704,982,15,3,2026-08-19,570.03
1705,921,54,1,2026-07-24,895.88
1706,397,27,1,2026-05-02,207.68
1707,722,13,3,2026-07-16,2502.36
1708,161,31,4,2026-05-30,2445.88
1709,16,35,4,2026-05-12,3863.92
1710,493,60,1,2026-08-30,332.08
1711,426,6,4,2026-08-09,657.72
1712,108,69,2,2026-07-05,167.62
1713,894,86,3,2026-08-22,995.79
1714,450,58,1,2026-09-03,204.02
1715,311,49,2,2026-07-17,1102.48
1716,739,23,4,2026-05-04,1196.88
1717,170,89,2,2026-06-01,1776.68
1718,546,34,4,2026-03-19,3797.6
1719,414,26,1,2026-06-11,787.32
1720,251,47,2,2026-05-20,637.18
1721,759,5,3,2026-08-24,493.38
1722,781,90,1,2026-04-19,477.49
1723,141,20,2,2026-08-21,596.64
1724,274,6,2,2026-05-08,328.86
1725,416,70,4,2026-08-11,3948.08
1726,608,59,1,2026-04-04,54.78
1727,739,64,1,2026-06-06,363.19
1728,891,18,1,2026-08-26,529.51
1729,39,4,1,2026-04-16,602.67
1730,814,17,4,2026-04-22,1244.8
1731,29,14,3,2026-08-30,660.66
1732,958,78,1,2026-05-26,83.3
1733,477,13,4,2026-03-29,3336.48
1734,318,7,3,2026-08-12,202.5
1735,245,44,3,2026-07-16,2730.69
1736,748,15,4,2026-07-02,760.04
1737,697,19,1,2026-07-10,437.63
1738,272,63,3,2026-06-26,2491.3500000000004
1739,440,35,1,2026-06-06,965.98
1740,748,81,1,2026-03-19,864.47
1741,239,35,2,2026-06-23,1931.96
1742,377,19,1,2026-06-25,437.63
1743,266,20,2,2026-05-22,596.64
1744,926,100,3,2026-07-07,350.43
1745,921,35,4,2026-07-17,3863.92
1746,359,32,2,2026-08-26,357.64
1747,340,48,4,2026-07-25,2099.48
1748,389,44,3,2026-08-11,2730.69
1749,577,24,1,2026-04-18,372.7
1750,990,61,3,2026-08-18,1184.3700000000001
1751,689,17,4,2026-08-06,1244.8
1752,3,71,3,2026-08-18,2323.56
1753,429,50,1,2026-08-03,193.01
1754,142,65,3,2026-05-22,864.39
1755,376,99,1,2026-05-18,35.16
1756,670,32,2,2026-06-26,357.64
1757,324,36,4,2026-06-02,3241.24
1758,146,13,1,2026-08-15,834.12
1759,958,70,1,2026-04-30,987.02
1760,293,58,3,2026-06-15,612.0600000000001
1761,665,14,2,2026-07-23,440.44
1762,432,37,1,2026-05-22,311.57
1763,705,79,2,2026-06-28,729.76
1764,949,68,2,2026-05-19,1608.36
1765,975,40,3,2026-07-09,1337.25
1766,585,59,1,2026-08-15,54.78
1767,399,80,3,2026-08-22,374.13
1768,817,92,4,2026-08-05,2864.44
1769,889,16,4,2026-03-23,766.28
1770,344,62,1,2026-06-29,278.64
1771,964,4,2,2026-03-18,1205.34
1772,140,45,1,2026-03-20,266.19
1773,187,90,1,2026-04-13,477.49
1774,805,28,4,2026-09-04,2076.36
1775,61,96,4,2026-07-21,1995.44
1776,997,66,2,2026-06-23,1094.54
1777,939,31,2,2026-08-08,1222.94
1778,380,3,1,2026-08-22,734.67
1779,710,8,3,2026-07-13,2602.5299999999997
1780,807,24,1,2026-06-15,372.7
1781,440,15,2,2026-06-05,380.02
1782,319,43,3,2026-05-06,132.12
1783,302,31,4,2026-09-02,2445.88
1784,344,73,2,2026-03-25,30.94
1785,11,45,2,2026-06-30,532.38
1786,62,66,3,2026-07-10,1641.81
1787,845,8,2,2026-08-01,1735.02
1788,226,71,2,2026-09-07,1549.04
1789,153,57,2,2026-06-03,195.22
1790,711,80,2,2026-05-22,249.42
1791,564,99,2,2026-04-25,70.32
1792,772,30,2,2026-04-27,111.98
1793,571,74,2,2026-07-13,1634.62
1794,584,18,2,2026-08-21,1059.02
1795,660,69,4,2026-05-19,335.24
1796,861,93,2,2026-08-19,1526.36
1797,575,39,4,2026-08-10,2749.56
1798,310,60,4,2026-08-14,1328.32
1799,885,98,1,2026-09-11,433.27
1800,243,43,1,2026-08-30,44.04
1801,493,45,4,2026-07-20,1064.76
1802,366,23,4,2026-08-12,1196.88
1803,330,69,2,2026-07-26,167.62
1804,107,94,1,2026-06-04,565.66
1805,226,6,3,2026-06-11,493.29
1806,825,56,1,2026-03-23,922.66
1807,218,4,4,2026-04-06,2410.68
1808,937,93,4,2026-04-02,3052.72
1809,753,23,2,2026-08-24,598.44
1810,506,6,2,2026-04-18,328.86
1811,259,32,1,2026-04-17,178.82
1812,888,18,2,2026-07-10,1059.02
1813,774,15,3,2026-08-26,570.03
1814,517,40,3,2026-09-09,1337.25
1815,773,96,2,2026-08-29,997.72
1816,54,73,3,2026-07-26,46.410000000000004
1817,47,74,3,2026-04-02,2451.93
1818,727,84,1,2026-05-24,72.92
1819,689,6,3,2026-08-13,493.29
1820,521,63,4,2026-08-22,3321.8
1821,99,67,4,2026-06-22,598.04
1822,20,11,1,2026-08-14,30.38
1823,890,43,2,2026-09-04,88.08
1824,753,17,1,2026-05-19,311.2
1825,573,96,2,2026-09-02,997.72
1826,891,4,2,2026-08-02,1205.34
1827,490,63,2,2026-04-21,1660.9
1828,419,68,2,2026-05-27,1608.36
1829,690,81,2,2026-06-05,1728.94
1830,850,41,1,2026-05-10,130.82
1831,62,83,2,2026-09-07,675.18
1832,145,5,3,2026-06-09,493.38
1833,216,32,3,2026-03-24,536.46
1834,3,86,2,2026-05-28,663.86
1835,160,70,3,2026-08-01,2961.06
1836,739,35,4,2026-06-16,3863.92
1837,998,22,1,2026-07-22,148.1
1838,781,65,1,2026-07-29,288.13
1839,120,84,2,2026-07-06,145.84
1840,893,22,2,2026-07-05,296.2
1841,89,11,4,2026-05-23,121.52
1842,329,77,2,2026-08-07,1547.12
1843,580,3,3,2026-09-06,2204.0099999999998
1844,910,9,4,2026-04-10,2420.4
1845,357,60,3,2026-04-09,996.24
1846,610,76,1,2026-04-10,731.72
1847,267,87,3,2026-07-14,2196.93
1848,617,14,1,2026-04-02,220.22
1849,952,97,3,2026-07-01,1582.53
1850,323,18,1,2026-05-10,529.51
1851,635,73,2,2026-06-01,30.94
1852,988,23,3,2026-04-27,897.6600000000001
1853,541,74,1,2026-05-15,817.31
1854,649,83,3,2026-08-30,1012.77
1855,195,47,4,2026-08-23,1274.36
1856,921,69,2,2026-07-05,167.62
1857,738,47,1,2026-06-08,318.59
1858,332,87,4,2026-08-10,2929.24
1859,170,30,3,2026-05-30,167.97
1860,521,25,4,2026-07-25,1846.04
1861,463,28,3,2026-04-03,1557.27
1862,40,98,2,2026-05-03,866.54
1863,537,25,4,2026-07-13,1846.04
1864,261,74,2,2026-04-06,1634.62
1865,395,78,1,2026-04-28,83.3
1866,955,58,3,2026-09-10,612.0600000000001
1867,226,94,3,2026-06-09,1696.98
1868,984,41,2,2026-06-15,261.64
1869,124,25,2,2026-05-15,923.02
1870,975,78,1,2026-04-28,83.3
1871,38,99,4,2026-05-13,140.64
1872,328,48,3,2026-06-18,1574.6100000000001
1873,251,98,3,2026-04-23,1299.81
1874,901,10,1,2026-05-09,710.99
1875,176,99,1,2026-06-24,35.16
1876,602,75,2,2026-06-07,1419.58
1877,914,11,2,2026-07-07,60.76
1878,454,85,4,2026-07-30,1271.48
1879,37,21,1,2026-09-08,615.73
1880,316,86,4,2026-06-25,1327.72
1881,688,45,1,2026-04-15,266.19
1882,973,7,3,2026-07-20,202.5
1883,796,81,1,2026-09-07,864.47
1884,965,64,1,2026-07-05,363.19
1885,973,64,3,2026-08-31,1089.57
1886,593,2,1,2026-05-17,951.21
1887,114,76,4,2026-05-02,2926.88
1888,40,42,2,2026-06-15,1000.46
1889,301,82,2,2026-04-18,1254.14
1890,224,54,4,2026-07-17,3583.52
1891,318,75,3,2026-08-05,2129.37
1892,349,16,1,2026-08-20,191.57
1893,115,18,4,2026-07-13,2118.04
1894,698,99,2,2026-03-30,70.32
1895,323,59,2,2026-07-15,109.56
1896,568,90,4,2026-07-08,1909.96
1897,40,16,2,2026-05-01,383.14
1898,866,6,4,2026-08-31,657.72
1899,40,57,2,2026-07-20,195.22
1900,859,47,4,2026-04-20,1274.36
1901,973,48,1,2026-06-07,524.87
1902,749,42,1,2026-06-16,500.23
1903,289,76,1,2026-08-01,731.72
1904,262,60,1,2026-07-31,332.08
1905,216,77,2,2026-07-16,1547.12
1906,147,4,3,2026-04-16,1808.0099999999998
1907,336,2,4,2026-06-25,3804.84
1908,168,90,3,2026-03-20,1432.47
1909,92,59,2,2026-06-15,109.56
1910,353,27,2,2026-04-16,415.36
1911,571,27,3,2026-09-07,623.04
1912,571,79,3,2026-03-18,1094.6399999999999
1913,816,72,2,2026-03-19,413.46
1914,681,7,2,2026-06-16,135.0
1915,781,63,4,2026-04-22,3321.8
1916,363,46,1,2026-04-23,665.9
1917,557,63,1,2026-08-09,830.45
1918,345,12,4,2026-04-23,3880.84
1919,693,13,3,2026-07-28,2502.36
1920,170,43,2,2026-05-11,88.08
1921,356,17,3,2026-04-29,933.5999999999999
1922,191,63,1,2026-06-27,830.45
1923,667,81,1,2026-08-01,864.47
1924,422,36,3,2026-05-12,2430.93
1925,700,85,1,2026-09-05,317.87
1926,7,8,2,2026-08-22,1735.02
1927,133,69,4,2026-08-31,335.24
1928,747,90,3,2026-07-17,1432.47
1929,557,80,2,2026-04-13,249.42
1930,826,36,2,2026-07-20,1620.62
1931,761,28,1,2026-09-09,519.09
1932,31,93,2,2026-05-03,1526.36
1933,535,47,3,2026-05-15,955.77
1934,426,76,2,2026-09-14,1463.44
1935,394,30,4,2026-06-22,223.96
1936,672,23,2,2026-04-10,598.44
1937,363,16,2,2026-07-25,383.14
1938,437,14,4,2026-08-12,880.88
1939,670,74,2,2026-06-19,1634.62
1940,551,71,2,2026-07-31,1549.04
1941,927,52,1,2026-06-24,777.38
1942,82,37,3,2026-08-30,934.71
1943,356,29,1,2026-09-09,596.49
1944,258,67,3,2026-08-08,448.53
1945,718,15,4,2026-04-17,760.04
1946,589,100,4,2026-03-18,467.24
1947,989,47,4,2026-08-09,1274.36
1948,524,46,3,2026-08-17,1997.6999999999998
1949,295,52,3,2026-05-03,2332.14
1950,962,19,3,2026-06-13,1312.8899999999999
1951,224,77,4,2026-08-27,3094.24
1952,525,21,3,2026-06-11,1847.19
1953,46,64,2,2026-03-18,726.38
1954,667,37,1,2026-03-29,311.57
1955,113,27,4,2026-06-05,830.72
1956,233,55,1,2026-04-17,601.92
1957,17,29,2,2026-08-20,1192.98
1958,360,20,3,2026-06-20,894.96
1959,223,25,1,2026-06-29,461.51
1960,866,70,2,2026-06-24,1974.04
1961,700,63,2,2026-08-11,1660.9
1962,448,36,1,2026-08-05,810.31
1963,856,2,4,2026-05-26,3804.84
1964,365,22,1,2026-04-04,148.1
1965,675,96,4,2026-05-13,1995.44
1966,326,16,3,2026-04-01,574.71
1967,467,18,4,2026-06-25,2118.04
1968,414,69,3,2026-08-01,251.43
1969,455,54,1,2026-04-24,895.88
1970,586,100,3,2026-03-21,350.43
1971,233,30,2,2026-04-10,111.98
1972,224,45,3,2026-06-15,798.5699999999999
1973,994,19,4,2026-07-19,1750.52
1974,831,87,4,2026-03-28,2929.24
1975,412,34,4,2026-04-17,3797.6
1976,572,13,3,2026-08-01,2502.36
1977,335,43,4,2026-06-10,176.16
1978,222,62,4,2026-06-28,1114.56
1979,37,93,2,2026-03-22,1526.36
1980,989,100,3,2026-07-01,350.43
1981,278,22,2,2026-08-13,296.2
1982,196,52,4,2026-07-31,3109.52
1983,916,52,4,2026-09-14,3109.52
1984,864,36,4,2026-03-19,3241.24
1985,484,73,3,2026-04-21,46.410000000000004
1986,242,19,1,2026-06-06,437.63
1987,324,38,4,2026-04-22,426.8
1988,731,70,4,2026-09-06,3948.08
1989,192,79,4,2026-07-30,1459.52
1990,17,57,4,2026-04-13,390.44
1991,524,20,3,2026-06-25,894.96
1992,918,9,1,2026-04-11,605.1
1993,401,32,1,2026-07-20,178.82
1994,906,4,1,2026-04-04,602.67
1995,886,50,4,2026-04-23,772.04
1996,705,82,4,2026-08-19,2508.28
1997,22,5,1,2026-05-10,164.46
1998,474,20,1,2026-08-09,298.32
1999,120,87,4,2026-06-22,2929.24
2000,210,75,4,2026-08-26,2839.16
2001,306,37,2,2026-07-16,623.14
2002,270,22,2,2026-06-18,296.2
2003,704,58,2,2026-06-25,408.04
2004,687,68,1,2026-08-03,804.18
2005,285,93,3,2026-04-05,2289.54
2006,716,44,4,2026-08-23,3640.92
2007,676,34,2,2026-03-27,1898.8
2008,763,77,3,2026-04-04,2320.68
2009,227,42,4,2026-06-21,2000.92
2010,948,9,3,2026-05-23,1815.3000000000002
2011,381,95,1,2026-09-12,773.26
2012,460,7,1,2026-07-09,67.5
2013,7,68,1,2026-07-23,804.18
2014,29,19,2,2026-07-13,875.26
2015,907,94,4,2026-03-21,2262.64
2016,33,31,1,2026-08-28,611.47
2017,646,35,2,2026-06-17,1931.96
2018,879,57,2,2026-07-11,195.22
2019,79,85,2,2026-08-18,635.74
2020,928,61,2,2026-09-14,789.58
2021,947,31,1,2026-09-02,611.47
2022,459,83,2,2026-06-08,675.18
2023,570,95,1,2026-05-25,773.26
2024,983,53,1,2026-05-30,940.1
2025,538,32,2,2026-08-03,357.64
2026,482,66,1,2026-06-01,547.27
2027,430,59,4,2026-05-11,219.12
2028,738,10,4,2026-06-10,2843.96
2029,285,2,3,2026-06-17,2853.63
2030,516,66,4,2026-04-28,2189.08
2031,977,60,1,2026-06-10,332.08
2032,99,88,1,2026-08-20,641.18
2033,397,17,4,2026-05-15,1244.8
2034,489,96,2,2026-04-20,997.72
2035,39,16,2,2026-04-01,383.14
2036,271,16,1,2026-03-23,191.57
2037,887,46,2,2026-07-19,1331.8
2038,797,39,3,2026-08-04,2062.17
2039,157,31,3,2026-05-22,1834.41
2040,75,88,4,2026-08-27,2564.72
2041,884,1,4,2026-09-06,1523.16
2042,800,11,2,2026-07-01,60.76
2043,130,85,1,2026-09-09,317.87
2044,687,4,4,2026-06-25,2410.68
2045,974,71,3,2026-07-10,2323.56
2046,84,26,4,2026-08-19,3149.28
2047,22,50,4,2026-08-27,772.04
2048,459,12,3,2026-06-19,2910.63
2049,539,95,1,2026-08-02,773.26
2050,707,81,4,2026-06-10,3457.88
2051,849,97,4,2026-08-04,2110.04
2052,382,75,4,2026-08-26,2839.16
2053,748,92,2,2026-04-27,1432.22
2054,440,96,4,2026-08-22,1995.44
2055,604,65,3,2026-06-20,864.39
2056,989,47,1,2026-04-15,318.59
2057,21,92,1,2026-04-10,716.11
2058,303,53,3,2026-05-14,2820.3
2059,976,71,2,2026-03-18,1549.04
2060,869,2,3,2026-09-07,2853.63
2061,955,24,1,2026-05-27,372.7
2062,84,4,3,2026-03-31,1808.0099999999998
2063,774,19,2,2026-08-03,875.26
2064,659,26,1,2026-04-12,787.32
2065,953,75,2,2026-05-26,1419.58
2066,453,40,3,2026-08-05,1337.25
2067,387,50,4,2026-09-01,772.04
2068,507,43,3,2026-08-20,132.12
2069,257,75,2,2026-06-22,1419.58
2070,570,67,3,2026-07-24,448.53
2071,892,12,4,2026-07-28,3880.84
2072,934,67,2,2026-06-02,299.02
2073,527,27,3,2026-03-20,623.04
2074,162,54,2,2026-04-26,1791.76
2075,957,66,2,2026-04-29,1094.54
2076,163,49,1,2026-07-09,551.24
2077,832,16,1,2026-03-29,191.57
2078,793,2,2,2026-07-04,1902.42
2079,792,60,3,2026-06-30,996.24
2080,524,54,3,2026-07-16,2687.64
2081,786,30,3,2026-08-21,167.97
2082,271,84,4,2026-09-02,291.68
2083,492,38,2,2026-06-06,213.4
2084,208,28,2,2026-04-21,1038.18
2085,539,25,4,2026-04-27,1846.04
2086,584,96,2,2026-05-12,997.72
2087,60,10,2,2026-08-06,1421.98
2088,430,60,4,2026-09-01,1328.32
2089,985,42,1,2026-06-14,500.23
2090,657,40,2,2026-09-14,891.5
2091,605,97,4,2026-05-28,2110.04
2092,309,77,3,2026-08-23,2320.68
2093,520,42,1,2026-07-01,500.23
2094,591,47,3,2026-03-29,955.77
2095,27,37,2,2026-04-07,623.14
2096,686,80,1,2026-04-14,124.71
2097,562,22,4,2026-05-15,592.4
2098,199,57,2,2026-07-25,195.22
2099,387,84,4,2026-08-21,291.68
2100,349,27,1,2026-09-08,207.68
2101,960,41,3,2026-07-24,392.46
2102,940,80,2,2026-08-02,249.42
2103,693,34,2,2026-04-04,1898.8
2104,536,32,4,2026-07-02,715.28
2105,828,90,1,2026-08-25,477.49
2106,378,89,4,2026-05-16,3553.36
2107,899,66,1,2026-08-16,547.27
2108,916,12,2,2026-06-28,1940.42
2109,558,40,1,2026-06-05,445.75
2110,527,73,2,2026-05-17,30.94
2111,153,76,1,2026-05-12,731.72
2112,734,90,3,2026-03-29,1432.47
2113,206,73,1,2026-07-09,15.47
2114,455,10,3,2026-08-22,2132.9700000000003
2115,273,96,1,2026-04-03,498.86
2116,894,98,1,2026-04-28,433.27
2117,236,48,4,2026-06-07,2099.48
2118,852,20,4,2026-07-29,1193.28
2119,740,39,2,2026-06-12,1374.78
2120,521,60,4,2026-06-09,1328.32
2121,678,66,1,2026-06-12,547.27
2122,944,65,4,2026-07-29,1152.52
2123,956,51,1,2026-05-23,969.89
2124,831,36,3,2026-09-03,2430.93
2125,726,24,1,2026-07-09,372.7
2126,501,27,2,2026-05-25,415.36
2127,117,2,3,2026-05-18,2853.63
2128,386,31,2,2026-07-09,1222.94
2129,344,57,2,2026-07-19,195.22
2130,584,78,2,2026-07-08,166.6
2131,395,66,4,2026-04-23,2189.08
2132,64,29,2,2026-08-30,1192.98
2133,717,15,3,2026-08-07,570.03
2134,721,12,1,2026-03-20,970.21
2135,72,28,2,2026-03-28,1038.18
2136,789,84,3,2026-08-21,218.76
2137,274,24,2,2026-08-24,745.4
2138,990,21,1,2026-03-27,615.73
2139,320,10,3,2026-06-18,2132.9700000000003
2140,338,78,3,2026-04-29,249.89999999999998
2141,366,18,1,2026-06-01,529.51
2142,495,88,3,2026-04-17,1923.54
2143,607,14,1,2026-07-18,220.22
2144,166,34,3,2026-04-26,2848.2
2145,544,58,3,2026-08-30,612.0600000000001
2146,11,76,1,2026-06-07,731.72
2147,301,22,1,2026-05-04,148.1
2148,729,70,3,2026-05-30,2961.06
2149,801,36,3,2026-04-30,2430.93
2150,102,45,1,2026-03-23,266.19
2151,425,36,4,2026-05-16,3241.24
2152,392,22,1,2026-04-21,148.1
2153,779,78,3,2026-07-16,249.89999999999998
2154,214,80,3,2026-05-16,374.13
2155,691,61,3,2026-06-30,1184.3700000000001
2156,88,100,1,2026-08-25,116.81
2157,553,56,3,2026-06-05,2767.98
2158,401,89,4,2026-09-06,3553.36
2159,588,96,2,2026-05-09,997.72
2160,889,33,4,2026-04-21,297.6
2161,46,45,1,2026-05-05,266.19
2162,672,36,3,2026-04-21,2430.93
2163,463,20,1,2026-03-25,298.32
2164,592,18,2,2026-04-09,1059.02
2165,310,38,1,2026-08-08,106.7
2166,86,67,3,2026-08-15,448.53
2167,92,23,2,2026-05-23,598.44
2168,660,96,2,2026-08-01,997.72
2169,673,16,3,2026-08-03,574.71
2170,714,59,3,2026-07-22,164.34
2171,936,69,3,2026-07-27,251.43
2172,928,68,1,2026-08-13,804.18
2173,242,21,4,2026-09-04,2462.92
2174,865,78,1,2026-05-29,83.3
2175,2,95,1,2026-08-25,773.26
2176,225,78,4,2026-03-24,333.2
2177,801,70,3,2026-05-26,2961.06
2178,745,12,3,2026-07-25,2910.63
2179,973,16,4,2026-04-07,766.28
2180,926,81,4,2026-08-08,3457.88
2181,929,87,1,2026-04-15,732.31
2182,589,14,2,2026-07-10,440.44
2183,116,61,4,2026-06-25,1579.16
2184,666,71,1,2026-08-28,774.52
2185,918,46,2,2026-08-23,1331.8
2186,103,32,3,2026-06-07,536.46
2187,194,15,3,2026-04-25,570.03
2188,166,44,1,2026-06-05,910.23
2189,871,17,1,2026-04-26,311.2
2190,90,41,4,2026-06-23,523.28
2191,686,54,3,2026-07-06,2687.64
2192,122,44,1,2026-05-04,910.23
2193,143,98,3,2026-05-20,1299.81
2194,994,5,3,2026-09-11,493.38
2195,106,27,4,2026-03-19,830.72
2196,887,87,2,2026-04-08,1464.62
2197,428,78,4,2026-04-17,333.2
2198,305,79,1,2026-05-04,364.88
2199,872,43,4,2026-05-30,176.16
2200,971,97,4,2026-08-17,2110.04
2201,317,31,3,2026-05-31,1834.41
2202,963,99,4,2026-08-07,140.64
2203,635,17,1,2026-08-08,311.2
2204,902,92,2,2026-04-22,1432.22
2205,9,83,4,2026-04-17,1350.36
2206,774,54,4,2026-04-18,3583.52
2207,73,62,2,2026-08-20,557.28
2208,359,87,1,2026-08-18,732.31
2209,223,32,1,2026-04-23,178.82
2210,416,40,4,2026-08-20,1783.0
2211,553,13,3,2026-07-03,2502.36
2212,370,84,4,2026-04-30,291.68
2213,716,35,2,2026-06-18,1931.96
2214,264,5,2,2026-06-01,328.92
2215,840,73,2,2026-07-09,30.94
2216,690,29,4,2026-06-08,2385.96
2217,860,70,4,2026-03-31,3948.08
2218,318,25,1,2026-05-13,461.51
2219,84,95,3,2026-04-21,2319.7799999999997
2220,318,22,4,2026-04-12,592.4
2221,111,66,1,2026-05-16,547.27
2222,251,45,4,2026-09-05,1064.76
2223,383,69,1,2026-08-01,83.81
2224,7,91,1,2026-07-06,128.4
2225,459,89,3,2026-06-03,2665.02
2226,84,72,4,2026-08-09,826.92
2227,208,1,1,2026-04-09,380.79
2228,900,84,2,2026-04-12,145.84
2229,390,44,2,2026-03-24,1820.46
2230,314,87,2,2026-03-21,1464.62
2231,22,96,3,2026-06-04,1496.58
2232,410,75,1,2026-09-05,709.79
2233,895,39,3,2026-06-05,2062.17
2234,515,54,4,2026-06-22,3583.52
2235,127,88,4,2026-03-22,2564.72
2236,809,75,1,2026-07-16,709.79
2237,700,29,2,2026-09-02,1192.98
2238,874,54,1,2026-05-16,895.88
2239,14,90,1,2026-07-08,477.49
2240,971,16,1,2026-06-11,191.57
2241,978,99,3,2026-09-09,105.47999999999999
2242,12,20,4,2026-06-20,1193.28
2243,87,46,1,2026-06-29,665.9
2244,524,67,1,2026-06-27,149.51
2245,909,65,1,2026-07-05,288.13
2246,537,58,3,2026-05-12,612.0600000000001
2247,301,53,3,2026-03-20,2820.3
2248,243,1,3,2026-03-23,1142.3700000000001
2249,122,81,1,2026-08-20,864.47
2250,147,66,2,2026-07-18,1094.54
2251,567,29,2,2026-08-11,1192.98
2252,750,84,2,2026-06-30,145.84
2253,356,70,4,2026-05-24,3948.08
2254,685,8,1,2026-06-24,867.51
2255,904,29,2,2026-07-08,1192.98
2256,733,51,2,2026-05-31,1939.78
2257,631,33,2,2026-04-13,148.8
2258,309,3,1,2026-04-02,734.67
2259,695,60,2,2026-08-23,664.16
2260,288,35,2,2026-07-28,1931.96
2261,307,69,1,2026-05-24,83.81
2262,812,91,4,2026-07-22,513.6
2263,594,76,3,2026-06-02,2195.16
2264,966,84,2,2026-05-13,145.84
2265,914,20,3,2026-05-05,894.96
2266,723,73,4,2026-06-11,61.88
2267,662,39,4,2026-08-31,2749.56
2268,549,4,2,2026-05-06,1205.34
2269,352,19,1,2026-08-05,437.63
2270,312,91,4,2026-08-29,513.6
2271,873,45,3,2026-06-27,798.5699999999999
2272,59,43,3,2026-05-08,132.12
2273,643,13,3,2026-06-03,2502.36
2274,924,13,3,2026-08-11,2502.36
2275,714,60,4,2026-05-03,1328.32
2276,755,57,2,2026-04-22,195.22
2277,35,86,2,2026-09-07,663.86
2278,445,92,3,2026-08-01,2148.33
2279,93,52,2,2026-07-27,1554.76
2280,950,53,3,2026-07-25,2820.3
2281,959,86,3,2026-08-31,995.79
2282,207,43,1,2026-07-13,44.04
2283,353,83,4,2026-09-06,1350.36
2284,903,72,4,2026-05-21,826.92
2285,332,72,3,2026-09-02,620.1899999999999
2286,817,42,4,2026-06-14,2000.92
2287,862,90,2,2026-03-18,954.98
2288,725,26,3,2026-07-26,2361.96
2289,159,23,1,2026-07-06,299.22
2290,954,43,2,2026-06-12,88.08
2291,957,77,1,2026-05-19,773.56
2292,24,28,1,2026-05-08,519.09
2293,404,9,4,2026-06-05,2420.4
2294,805,20,4,2026-04-05,1193.28
2295,516,56,3,2026-08-14,2767.98
2296,732,83,4,2026-03-24,1350.36
2297,364,39,1,2026-09-07,687.39
2298,382,51,1,2026-07-15,969.89
2299,532,12,2,2026-06-11,1940.42
2300,956,79,1,2026-05-12,364.88
2301,152,95,3,2026-04-15,2319.7799999999997
2302,562,55,3,2026-05-23,1805.7599999999998
2303,689,78,4,2026-07-31,333.2
2304,947,11,4,2026-05-16,121.52
2305,608,26,4,2026-04-17,3149.28
2306,617,42,3,2026-04-26,1500.69
2307,420,27,1,2026-06-17,207.68
2308,250,11,4,2026-06-18,121.52
2309,117,38,2,2026-08-04,213.4
2310,866,98,4,2026-07-10,1733.08
2311,512,43,3,2026-03-22,132.12
2312,740,19,4,2026-08-22,1750.52
2313,578,64,1,2026-07-04,363.19
2314,335,6,4,2026-09-07,657.72
2315,418,46,3,2026-06-08,1997.6999999999998
2316,932,42,3,2026-09-02,1500.69
2317,774,92,2,2026-08-04,1432.22
2318,295,65,3,2026-04-21,864.39
2319,938,99,2,2026-07-22,70.32
2320,755,72,1,2026-07-20,206.73
2321,371,59,3,2026-04-02,164.34
2322,186,52,4,2026-07-19,3109.52
2323,246,47,1,2026-03-25,318.59
2324,637,7,4,2026-07-24,270.0
2325,268,11,4,2026-07-08,121.52
2326,643,61,4,2026-04-01,1579.16
2327,237,68,1,2026-06-02,804.18
2328,530,25,1,2026-05-06,461.51
2329,552,12,3,2026-09-09,2910.63
2330,21,26,4,2026-03-24,3149.28
2331,911,12,2,2026-09-12,1940.42
2332,737,43,3,2026-05-16,132.12
2333,867,51,1,2026-08-12,969.89
2334,794,37,2,2026-04-02,623.14
2335,520,46,1,2026-08-01,665.9
2336,100,53,2,2026-04-14,1880.2
2337,752,88,3,2026-09-12,1923.54
2338,478,80,2,2026-07-19,249.42
2339,599,13,3,2026-07-12,2502.36
2340,298,89,1,2026-04-12,888.34
2341,940,54,2,2026-06-28,1791.76
2342,526,57,4,2026-04-03,390.44
2343,334,4,4,2026-07-06,2410.68
2344,2,75,1,2026-05-29,709.79
2345,375,96,2,2026-06-10,997.72
2346,293,49,4,2026-06-17,2204.96
2347,837,7,3,2026-05-20,202.5
2348,934,11,2,2026-07-12,60.76
2349,553,92,2,2026-07-21,1432.22
2350,318,54,4,2026-05-18,3583.52
2351,502,87,3,2026-06-29,2196.93
2352,828,45,3,2026-03-25,798.5699999999999
2353,381,23,3,2026-05-04,897.6600000000001
2354,623,28,2,2026-04-08,1038.18
2355,14,57,1,2026-06-05,97.61
2356,504,26,2,2026-04-18,1574.64
2357,231,25,2,2026-08-19,923.02
2358,985,54,4,2026-09-13,3583.52
2359,84,29,1,2026-05-07,596.49
2360,130,83,3,2026-03-29,1012.77
2361,743,97,4,2026-06-11,2110.04
2362,838,36,2,2026-04-24,1620.62
2363,145,14,1,2026-04-02,220.22
2364,891,78,3,2026-04-15,249.89999999999998
2365,857,35,3,2026-04-12,2897.94
2366,28,30,2,2026-07-04,111.98
2367,66,92,3,2026-06-30,2148.33
2368,163,17,3,2026-03-23,933.5999999999999
2369,229,67,1,2026-08-18,149.51
2370,261,80,4,2026-05-14,498.84
2371,449,30,1,2026-08-29,55.99
2372,424,93,4,2026-06-20,3052.72
2373,460,45,4,2026-07-06,1064.76
2374,952,79,4,2026-04-04,1459.52
2375,676,89,3,2026-06-23,2665.02
2376,301,51,1,2026-07-06,969.89
2377,919,47,3,2026-07-10,955.77
2378,303,53,2,2026-03-31,1880.2
2379,287,64,1,2026-04-01,363.19
2380,395,38,4,2026-06-30,426.8
2381,10,64,3,2026-07-28,1089.57
2382,707,87,3,2026-08-07,2196.93
2383,630,89,1,2026-05-05,888.34
2384,270,7,1,2026-07-15,67.5
2385,592,22,4,2026-08-31,592.4
2386,970,81,4,2026-04-14,3457.88
2387,605,82,2,2026-06-03,1254.14
2388,778,41,4,2026-03-29,523.28
2389,844,74,3,2026-06-25,2451.93
2390,862,10,2,2026-03-24,1421.98
2391,361,57,2,2026-08-10,195.22
2392,257,7,2,2026-09-08,135.0
2393,133,50,1,2026-03-31,193.01
2394,276,91,4,2026-05-10,513.6
2395,776,52,2,2026-07-01,1554.76
2396,683,33,1,2026-07-10,74.4
2397,972,1,1,2026-05-30,380.79
2398,513,53,2,2026-06-03,1880.2
2399,313,60,2,2026-06-07,664.16
2400,576,34,3,2026-09-05,2848.2
2401,886,4,2,2026-04-18,1205.34
2402,980,17,3,2026-04-21,933.5999999999999
2403,284,4,2,2026-07-28,1205.34
2404,121,43,2,2026-06-19,88.08
2405,107,90,4,2026-07-20,1909.96
2406,933,4,2,2026-03-23,1205.34
2407,687,1,2,2026-05-01,761.58
2408,997,71,3,2026-04-04,2323.56
2409,204,94,3,2026-05-16,1696.98
2410,165,50,4,2026-03-27,772.04
2411,305,73,2,2026-06-15,30.94
2412,497,61,2,2026-05-08,789.58
2413,632,35,3,2026-06-30,2897.94
2414,556,8,1,2026-08-02,867.51
2415,824,24,1,2026-03-30,372.7
2416,156,83,1,2026-04-25,337.59
2417,367,36,3,2026-07-30,2430.93
2418,719,50,3,2026-07-01,579.03
2419,902,43,1,2026-08-21,44.04
2420,620,27,1,2026-05-17,207.68
2421,251,32,2,2026-08-13,357.64
2422,957,78,3,2026-07-10,249.89999999999998
2423,916,18,3,2026-04-24,1588.53
2424,882,28,1,2026-07-30,519.09
2425,334,29,1,2026-03-24,596.49
2426,642,16,4,2026-06-21,766.28
2427,969,99,3,2026-03-31,105.47999999999999
2428,511,47,4,2026-08-23,1274.36
2429,293,59,2,2026-07-20,109.56
2430,20,31,4,2026-06-16,2445.88
2431,282,4,1,2026-07-19,602.67
2432,797,37,3,2026-06-28,934.71
2433,1,17,3,2026-05-30,933.5999999999999
2434,119,39,4,2026-06-22,2749.56
2435,35,48,4,2026-06-11,2099.48
2436,198,46,2,2026-07-10,1331.8
2437,485,90,2,2026-04-18,954.98
2438,757,48,1,2026-07-01,524.87
2439,59,39,1,2026-05-19,687.39
2440,837,4,1,2026-08-15,602.67
2441,161,30,4,2026-05-17,223.96
2442,691,30,4,2026-09-01,223.96
2443,206,22,3,2026-04-05,444.29999999999995
2444,12,75,1,2026-04-18,709.79
2445,490,66,4,2026-04-19,2189.08
2446,276,12,3,2026-04-09,2910.63
2447,693,94,1,2026-08-27,565.66
2448,242,36,2,2026-05-17,1620.62
2449,216,18,2,2026-07-27,1059.02
2450,251,90,4,2026-05-09,1909.96
2451,811,53,3,2026-08-15,2820.3
2452,126,71,2,2026-03-24,1549.04
2453,994,1,3,2026-06-09,1142.3700000000001
2454,217,58,3,2026-05-02,612.0600000000001
2455,306,90,2,2026-06-30,954.98
2456,797,87,3,2026-06-01,2196.93
2457,185,90,2,2026-09-01,954.98
2458,39,6,4,2026-08-07,657.72
2459,223,70,1,2026-08-10,987.02
2460,184,44,1,2026-07-25,910.23
2461,495,72,4,2026-06-19,826.92
2462,427,24,2,2026-06-02,745.4
2463,178,86,2,2026-04-22,663.86
2464,919,19,2,2026-05-20,875.26
2465,428,18,2,2026-08-09,1059.02
2466,294,95,4,2026-06-26,3093.04
2467,852,30,1,2026-07-30,55.99
2468,151,42,3,2026-08-25,1500.69
2469,384,33,3,2026-05-13,223.20000000000002
2470,638,74,1,2026-06-21,817.31
2471,813,12,4,2026-04-06,3880.84
2472,308,94,3,2026-07-31,1696.98
2473,336,27,1,2026-06-26,207.68
2474,946,39,4,2026-04-05,2749.56
2475,746,9,3,2026-08-31,1815.3000000000002
2476,892,21,2,2026-09-13,1231.46
2477,375,76,2,2026-05-22,1463.44
2478,8,29,4,2026-07-06,2385.96
2479,341,33,2,2026-07-23,148.8
2480,129,62,4,2026-08-02,1114.56
2481,776,15,1,2026-04-20,190.01
2482,669,2,1,2026-08-05,951.21
2483,352,52,3,2026-05-12,2332.14
2484,358,44,4,2026-08-23,3640.92
2485,517,54,3,2026-08-12,2687.64
2486,495,18,3,2026-04-10,1588.53
2487,86,3,1,2026-05-26,734.67
2488,175,7,3,2026-04-05,202.5
2489,802,43,2,2026-05-28,88.08
2490,193,82,3,2026-06-03,1881.21
2491,311,38,4,2026-05-28,426.8
2492,119,37,2,2026-05-15,623.14
2493,218,58,1,2026-06-08,204.02
2494,427,33,4,2026-09-13,297.6
2495,970,59,2,2026-09-05,109.56
2496,414,95,4,2026-05-01,3093.04
2497,114,11,2,2026-07-25,60.76
2498,978,68,4,2026-06-11,3216.72
2499,145,82,4,2026-09-11,2508.28
2500,538,68,2,2026-06-24,1608.36
2501,648,98,1,2026-05-02,433.27
2502,303,93,1,2026-07-28,763.18
2503,744,88,4,2026-09-10,2564.72
2504,881,22,4,2026-03-25,592.4
2505,588,66,1,2026-09-13,547.27
2506,987,44,1,2026-04-07,910.23
2507,840,6,3,2026-07-13,493.29
2508,345,42,1,2026-07-19,500.23
2509,814,25,4,2026-03-21,1846.04
2510,964,57,2,2026-06-18,195.22
2511,801,85,1,2026-06-27,317.87
2512,1,55,3,2026-08-12,1805.7599999999998
2513,147,16,3,2026-08-19,574.71
2514,287,95,3,2026-06-08,2319.7799999999997
2515,976,14,2,2026-05-09,440.44
2516,654,39,1,2026-04-17,687.39
2517,53,28,1,2026-06-28,519.09
2518,304,96,1,2026-08-03,498.86
2519,69,92,2,2026-08-29,1432.22
2520,361,51,2,2026-09-03,1939.78
2521,602,49,4,2026-06-30,2204.96
2522,958,9,3,2026-07-02,1815.3000000000002
2523,220,58,3,2026-05-21,612.0600000000001
2524,962,45,1,2026-05-04,266.19
2525,704,22,2,2026-04-15,296.2
2526,966,32,2,2026-05-03,357.64
2527,575,69,1,2026-06-20,83.81
2528,585,87,1,2026-05-26,732.31
2529,161,69,4,2026-03-23,335.24
2530,681,42,3,2026-08-11,1500.69
2531,89,53,3,2026-06-19,2820.3
2532,688,96,3,2026-05-12,1496.58
2533,781,59,4,2026-06-15,219.12
2534,585,74,1,2026-07-28,817.31
2535,757,39,1,2026-08-03,687.39
2536,589,15,3,2026-06-03,570.03
2537,159,71,3,2026-09-10,2323.56
2538,489,29,4,2026-07-18,2385.96
2539,971,3,2,2026-07-19,1469.34
2540,324,83,2,2026-08-12,675.18
2541,610,10,3,2026-07-22,2132.9700000000003
2542,381,92,4,2026-09-09,2864.44
2543,102,29,3,2026-04-17,1789.47
2544,494,79,2,2026-05-08,729.76
2545,644,35,3,2026-08-02,2897.94
2546,614,6,2,2026-08-14,328.86
2547,19,12,2,2026-06-13,1940.42
2548,454,38,2,2026-04-01,213.4
2549,482,77,1,2026-09-05,773.56
2550,594,93,1,2026-06-10,763.18
2551,397,19,3,2026-04-04,1312.8899999999999
2552,279,67,2,2026-07-11,299.02
2553,851,8,1,2026-05-01,867.51
2554,365,8,3,2026-04-08,2602.5299999999997
2555,331,84,3,2026-09-02,218.76
2556,641,47,3,2026-04-15,955.77
2557,344,4,3,2026-09-02,1808.0099999999998
2558,822,51,3,2026-03-29,2909.67
2559,455,85,4,2026-08-18,1271.48
2560,601,67,2,2026-03-31,299.02
2561,725,45,3,2026-09-09,798.5699999999999
2562,655,8,4,2026-09-02,3470.04
2563,65,87,2,2026-03-22,1464.62
2564,76,16,1,2026-08-16,191.57
2565,711,77,3,2026-05-31,2320.68
2566,143,67,4,2026-05-24,598.04
2567,917,9,1,2026-06-09,605.1
2568,915,60,4,2026-08-14,1328.32
2569,828,78,2,2026-04-27,166.6
2570,605,77,2,2026-07-12,1547.12
2571,473,71,1,2026-05-16,774.52
2572,417,15,4,2026-03-19,760.04
2573,305,71,3,2026-08-06,2323.56
2574,736,98,3,2026-07-24,1299.81
2575,497,41,1,2026-03-21,130.82
2576,291,22,1,2026-03-23,148.1
2577,940,24,1,2026-04-06,372.7
2578,102,44,4,2026-09-12,3640.92
2579,986,1,3,2026-06-29,1142.3700000000001
2580,267,10,3,2026-05-30,2132.9700000000003
2581,867,80,3,2026-03-29,374.13
2582,968,72,1,2026-08-20,206.73
2583,622,56,3,2026-03-29,2767.98
2584,974,89,2,2026-05-04,1776.68
2585,842,50,1,2026-07-07,193.01
2586,962,12,3,2026-04-08,2910.63
2587,942,89,4,2026-04-12,3553.36
2588,777,81,1,2026-03-19,864.47
2589,3,60,2,2026-08-10,664.16
2590,85,26,2,2026-05-30,1574.64
2591,794,78,4,2026-08-19,333.2
2592,328,41,4,2026-05-07,523.28
2593,816,36,1,2026-04-09,810.31
2594,450,23,1,2026-08-15,299.22
2595,454,43,2,2026-07-04,88.08
2596,924,6,4,2026-08-16,657.72
2597,629,69,1,2026-08-18,83.81
2598,221,43,2,2026-05-10,88.08
2599,154,25,4,2026-07-26,1846.04
2600,665,18,2,2026-04-12,1059.02
2601,12,62,3,2026-07-25,835.92
2602,133,13,4,2026-07-09,3336.48
2603,994,43,1,2026-05-04,44.04
2604,304,78,1,2026-07-25,83.3
2605,293,28,3,2026-06-15,1557.27
2606,975,18,4,2026-03-18,2118.04
2607,300,59,2,2026-06-02,109.56
2608,740,60,1,2026-07-01,332.08
2609,783,63,3,2026-08-04,2491.3500000000004
2610,43,57,3,2026-09-04,292.83
2611,944,92,4,2026-04-27,2864.44
2612,343,51,4,2026-05-10,3879.56
2613,326,56,1,2026-07-23,922.66
2614,814,27,3,2026-03-22,623.04
2615,498,32,2,2026-05-14,357.64
2616,364,9,3,2026-06-22,1815.3000000000002
2617,891,96,2,2026-07-16,997.72
2618,427,84,2,2026-09-14,145.84
2619,21,92,1,2026-09-11,716.11
2620,407,97,3,2026-03-27,1582.53
2621,619,68,2,2026-08-23,1608.36
2622,336,46,4,2026-08-17,2663.6
2623,815,98,2,2026-04-21,866.54
2624,117,67,4,2026-03-27,598.04
2625,124,26,4,2026-05-11,3149.28
2626,399,8,3,2026-08-07,2602.5299999999997
2627,793,6,4,2026-08-22,657.72
2628,804,80,2,2026-05-07,249.42
2629,715,24,4,2026-08-26,1490.8
2630,51,48,3,2026-08-20,1574.6100000000001
2631,783,94,1,2026-07-11,565.66
2632,324,45,2,2026-04-03,532.38
2633,789,13,2,2026-07-17,1668.24
2634,141,69,3,2026-05-21,251.43
2635,470,25,3,2026-07-01,1384.53
2636,787,20,3,2026-07-09,894.96
2637,802,82,3,2026-05-19,1881.21
2638,334,82,2,2026-09-02,1254.14
2639,893,66,1,2026-08-20,547.27
2640,964,74,4,2026-08-01,3269.24
2641,373,45,4,2026-09-04,1064.76
2642,564,47,1,2026-07-02,318.59
2643,494,63,1,2026-06-14,830.45
2644,539,76,1,2026-03-25,731.72
2645,669,77,3,2026-06-26,2320.68
2646,751,55,2,2026-05-28,1203.84
2647,156,75,2,2026-08-16,1419.58
2648,291,19,2,2026-08-21,875.26
2649,648,35,3,2026-09-03,2897.94
2650,144,53,2,2026-09-12,1880.2
2651,106,26,3,2026-08-10,2361.96
2652,420,14,2,2026-03-29,440.44
2653,670,45,1,2026-04-02,266.19
2654,658,44,4,2026-08-02,3640.92
2655,2,88,4,2026-06-22,2564.72
2656,945,65,3,2026-06-15,864.39
2657,589,51,2,2026-05-25,1939.78
2658,644,43,4,2026-04-08,176.16
2659,90,86,1,2026-07-08,331.93
2660,345,23,1,2026-08-22,299.22
2661,350,56,1,2026-06-11,922.66
2662,459,19,3,2026-06-19,1312.8899999999999
2663,263,82,3,2026-07-30,1881.21
2664,351,76,2,2026-08-16,1463.44
2665,108,55,1,2026-06-04,601.92
2666,586,92,2,2026-06-04,1432.22
2667,39,92,2,2026-05-21,1432.22
2668,909,60,1,2026-07-07,332.08
2669,159,59,2,2026-06-08,109.56
2670,583,33,4,2026-03-22,297.6
2671,959,19,3,2026-05-15,1312.8899999999999
2672,312,28,2,2026-05-30,1038.18
2673,241,52,1,2026-04-01,777.38
2674,938,49,3,2026-08-03,1653.72
2675,445,37,3,2026-08-17,934.71
2676,298,26,2,2026-08-12,1574.64
2677,952,99,4,2026-03-20,140.64
2678,36,98,2,2026-08-30,866.54
2679,84,99,4,2026-08-05,140.64
2680,452,40,3,2026-08-19,1337.25
2681,886,80,2,2026-05-31,249.42
2682,775,38,1,2026-04-16,106.7
2683,822,77,2,2026-05-14,1547.12
2684,385,87,4,2026-04-22,2929.24
2685,172,54,4,2026-03-25,3583.52
2686,376,22,2,2026-05-25,296.2
2687,685,16,4,2026-07-30,766.28
2688,362,28,3,2026-04-11,1557.27
2689,559,35,2,2026-06-09,1931.96
2690,891,60,4,2026-06-15,1328.32
2691,141,45,2,2026-04-11,532.38
2692,887,46,2,2026-09-07,1331.8
2693,918,72,1,2026-03-23,206.73
2694,118,55,2,2026-08-12,1203.84
2695,277,86,1,2026-05-14,331.93
2696,726,85,4,2026-05-13,1271.48
2697,220,26,1,2026-08-17,787.32
2698,905,85,1,2026-06-01,317.87
2699,26,25,1,2026-05-25,461.51
2700,521,65,3,2026-09-03,864.39
2701,783,6,1,2026-08-29,164.43
2702,10,23,2,2026-07-10,598.44
2703,984,64,1,2026-03-31,363.19
2704,378,87,2,2026-06-26,1464.62
2705,633,43,1,2026-09-11,44.04
2706,637,23,3,2026-03-18,897.6600000000001
2707,682,96,4,2026-03-25,1995.44
2708,584,30,1,2026-05-03,55.99
2709,152,77,1,2026-04-20,773.56
2710,720,18,3,2026-04-23,1588.53
2711,49,87,1,2026-07-19,732.31
2712,154,79,2,2026-03-27,729.76
2713,859,97,1,2026-06-20,527.51
2714,293,21,1,2026-05-05,615.73
2715,580,57,4,2026-05-04,390.44
2716,50,23,4,2026-03-22,1196.88
2717,664,91,1,2026-03-19,128.4
2718,531,45,3,2026-04-09,798.5699999999999
2719,612,44,4,2026-08-21,3640.92
2720,60,82,1,2026-05-27,627.07
2721,167,88,4,2026-03-29,2564.72
2722,202,47,1,2026-07-13,318.59
2723,857,40,4,2026-05-14,1783.0
2724,146,51,4,2026-06-18,3879.56
2725,915,42,2,2026-03-29,1000.46
2726,676,7,1,2026-03-25,67.5
2727,970,50,1,2026-04-03,193.01
2728,993,48,1,2026-06-08,524.87
2729,439,84,1,2026-08-07,72.92
2730,242,91,4,2026-04-25,513.6
2731,581,6,2,2026-04-11,328.86
2732,687,91,2,2026-09-01,256.8
2733,561,9,3,2026-09-12,1815.3000000000002
2734,483,57,1,2026-04-03,97.61
2735,108,31,3,2026-08-05,1834.41
2736,226,21,4,2026-05-08,2462.92
2737,673,90,3,2026-05-17,1432.47
2738,631,40,1,2026-05-11,445.75
2739,661,45,2,2026-08-03,532.38
2740,977,77,2,2026-08-26,1547.12
2741,662,49,1,2026-05-12,551.24
2742,432,87,4,2026-06-24,2929.24
2743,805,20,1,2026-07-15,298.32
2744,655,92,4,2026-06-22,2864.44
2745,419,17,2,2026-07-05,622.4
2746,988,28,4,2026-09-02,2076.36
2747,455,41,1,2026-05-08,130.82
2748,160,66,1,2026-07-19,547.27
2749,523,25,1,2026-04-27,461.51
2750,650,58,4,2026-04-03,816.08
2751,969,41,4,2026-06-10,523.28
2752,590,6,4,2026-06-03,657.72
2753,77,75,2,2026-07-16,1419.58
2754,509,38,3,2026-08-25,320.1
2755,441,6,3,2026-05-20,493.29
2756,254,45,1,2026-05-24,266.19
2757,921,75,2,2026-04-21,1419.58
2758,770,14,4,2026-05-23,880.88
2759,320,66,1,2026-08-23,547.27
2760,803,40,2,2026-05-10,891.5
2761,263,3,1,2026-05-23,734.67
2762,597,99,2,2026-06-26,70.32
2763,658,97,2,2026-08-15,1055.02
2764,835,24,3,2026-05-10,1118.1
2765,554,19,1,2026-03-31,437.63
2766,374,18,4,2026-09-10,2118.04
2767,637,64,3,2026-08-19,1089.57
2768,167,88,3,2026-06-03,1923.54
2769,937,35,4,2026-06-01,3863.92
2770,753,62,2,2026-09-05,557.28
2771,459,1,4,2026-04-25,1523.16
2772,999,100,1,2026-04-27,116.81
2773,280,25,4,2026-09-14,1846.04
2774,700,45,2,2026-08-22,532.38
2775,302,49,4,2026-04-13,2204.96
2776,531,98,2,2026-04-09,866.54
2777,580,89,2,2026-04-04,1776.68
2778,218,16,1,2026-06-29,191.57
2779,102,98,4,2026-05-07,1733.08
2780,554,93,4,2026-04-24,3052.72
2781,288,19,1,2026-07-24,437.63
2782,167,23,2,2026-03-31,598.44
2783,621,83,4,2026-03-27,1350.36
2784,36,25,1,2026-05-21,461.51
2785,744,16,2,2026-06-19,383.14
2786,741,54,1,2026-06-13,895.88
2787,353,73,4,2026-09-01,61.88
2788,676,1,1,2026-07-19,380.79
2789,899,42,3,2026-05-21,1500.69
2790,73,19,2,2026-06-22,875.26
2791,648,97,3,2026-04-24,1582.53
2792,353,34,3,2026-04-09,2848.2
2793,891,80,2,2026-04-14,249.42
2794,70,55,2,2026-05-16,1203.84
2795,425,18,1,2026-03-30,529.51
2796,999,34,2,2026-06-13,1898.8
2797,708,89,3,2026-05-22,2665.02
2798,781,45,3,2026-08-16,798.5699999999999
2799,561,6,4,2026-08-21,657.72
2800,828,21,2,2026-03-30,1231.46
2801,642,70,3,2026-07-20,2961.06
2802,956,96,4,2026-09-14,1995.44
2803,517,48,4,2026-06-19,2099.48
2804,428,39,1,2026-06-16,687.39
2805,539,31,3,2026-04-05,1834.41
2806,160,10,1,2026-07-02,710.99
2807,149,30,3,2026-04-27,167.97
2808,776,18,1,2026-05-04,529.51
2809,230,60,1,2026-06-11,332.08
2810,712,88,2,2026-03-19,1282.36
2811,562,73,1,2026-08-18,15.47
2812,67,95,2,2026-09-03,1546.52
2813,812,15,4,2026-08-03,760.04
2814,381,4,3,2026-05-11,1808.0099999999998
2815,58,63,4,2026-08-10,3321.8
2816,259,40,3,2026-06-02,1337.25
2817,342,9,4,2026-08-18,2420.4
2818,838,9,3,2026-07-11,1815.3000000000002
2819,130,26,1,2026-04-11,787.32
2820,727,4,3,2026-07-26,1808.0099999999998
2821,172,81,3,2026-07-28,2593.41
2822,770,16,4,2026-08-15,766.28
2823,614,15,4,2026-06-06,760.04
2824,209,99,4,2026-07-21,140.64
2825,803,52,2,2026-05-20,1554.76
2826,354,69,2,2026-07-28,167.62
2827,471,5,3,2026-06-20,493.38
2828,798,20,3,2026-08-18,894.96
2829,116,79,1,2026-05-31,364.88
2830,264,18,1,2026-09-03,529.51
2831,662,2,3,2026-04-05,2853.63
2832,812,93,2,2026-03-26,1526.36
2833,442,13,3,2026-04-17,2502.36
2834,548,4,1,2026-08-14,602.67
2835,453,42,2,2026-05-22,1000.46
2836,845,74,2,2026-05-20,1634.62
2837,477,61,1,2026-03-30,394.79
2838,287,95,3,2026-04-17,2319.7799999999997
2839,303,8,4,2026-05-08,3470.04
2840,311,67,3,2026-08-11,448.53
2841,208,63,3,2026-05-10,2491.3500000000004
2842,618,9,1,2026-09-13,605.1
2843,446,94,2,2026-05-02,1131.32
2844,670,11,1,2026-09-02,30.38
2845,633,99,3,2026-04-26,105.47999999999999
2846,55,42,4,2026-05-27,2000.92
2847,912,13,4,2026-04-18,3336.48
2848,12,36,4,2026-05-14,3241.24
2849,657,13,1,2026-05-07,834.12
2850,400,12,2,2026-07-31,1940.42
2851,908,37,1,2026-03-21,311.57
2852,648,74,4,2026-04-19,3269.24
2853,980,73,3,2026-08-01,46.410000000000004
2854,515,52,2,2026-08-13,1554.76
2855,656,71,1,2026-08-19,774.52
2856,542,2,1,2026-06-07,951.21
2857,237,56,2,2026-03-30,1845.32
2858,279,60,2,2026-04-14,664.16
2859,348,23,3,2026-04-12,897.6600000000001
2860,627,40,2,2026-06-24,891.5
2861,104,64,3,2026-05-08,1089.57
2862,630,85,4,2026-06-08,1271.48
2863,517,23,4,2026-05-30,1196.88
2864,980,29,1,2026-04-12,596.49
2865,872,78,4,2026-03-21,333.2
2866,248,90,4,2026-07-13,1909.96
2867,364,51,3,2026-07-06,2909.67
2868,321,69,1,2026-06-05,83.81
2869,633,95,2,2026-06-19,1546.52
2870,286,89,1,2026-07-01,888.34
2871,149,31,4,2026-05-22,2445.88
2872,84,50,2,2026-08-11,386.02
2873,966,20,1,2026-08-10,298.32
2874,406,55,1,2026-06-01,601.92
2875,978,81,1,2026-04-13,864.47
2876,456,2,1,2026-03-19,951.21
2877,743,25,3,2026-05-06,1384.53
2878,800,13,1,2026-06-30,834.12
2879,161,92,4,2026-03-19,2864.44
2880,784,70,4,2026-04-27,3948.08
2881,460,67,3,2026-06-26,448.53
2882,550,58,2,2026-04-26,408.04
2883,500,99,2,2026-04-06,70.32
2884,738,82,4,2026-07-21,2508.28
2885,509,75,4,2026-07-25,2839.16
2886,654,84,3,2026-07-23,218.76
2887,804,64,2,2026-04-08,726.38
2888,481,69,2,2026-07-02,167.62
2889,663,83,1,2026-03-23,337.59
2890,114,86,1,2026-06-18,331.93
2891,749,59,1,2026-03-26,54.78
2892,578,60,3,2026-08-12,996.24
2893,361,83,4,2026-04-01,1350.36
2894,341,62,3,2026-07-31,835.92
2895,770,16,2,2026-05-09,383.14
2896,987,88,4,2026-04-29,2564.72
2897,761,68,1,2026-03-21,804.18
2898,969,15,3,2026-04-04,570.03
2899,449,89,3,2026-06-24,2665.02
2900,843,55,1,2026-08-16,601.92
2901,835,35,3,2026-06-16,2897.94
2902,180,55,1,2026-04-24,601.92
2903,702,14,2,2026-05-15,440.44
2904,407,49,4,2026-04-18,2204.96
2905,666,83,2,2026-04-21,675.18
2906,196,100,2,2026-03-28,233.62
2907,466,7,1,2026-05-31,67.5
2908,311,30,3,2026-03-26,167.97
2909,262,83,2,2026-05-01,675.18
2910,419,49,2,2026-07-03,1102.48
2911,406,89,2,2026-05-29,1776.68
2912,939,16,3,2026-09-11,574.71
2913,143,51,3,2026-05-04,2909.67
2914,342,72,1,2026-08-18,206.73
2915,316,82,2,2026-09-08,1254.14
2916,101,92,4,2026-06-09,2864.44
2917,244,80,3,2026-08-08,374.13
2918,490,83,1,2026-09-01,337.59
2919,12,42,2,2026-03-27,1000.46
2920,239,17,4,2026-08-31,1244.8
2921,561,63,3,2026-07-25,2491.3500000000004
2922,42,45,4,2026-07-08,1064.76
2923,678,77,3,2026-08-04,2320.68
2924,594,7,1,2026-07-03,67.5
2925,429,27,4,2026-03-24,830.72
2926,803,10,2,2026-07-12,1421.98
2927,158,34,2,2026-08-08,1898.8
2928,216,36,3,2026-08-30,2430.93
2929,670,25,2,2026-03-22,923.02
2930,462,6,4,2026-07-01,657.72
2931,134,24,1,2026-07-24,372.7
2932,67,18,3,2026-04-29,1588.53
2933,848,87,4,2026-09-06,2929.24
2934,7,6,3,2026-06-15,493.29
2935,948,29,1,2026-05-22,596.49
2936,526,25,3,2026-08-19,1384.53
2937,73,55,2,2026-04-10,1203.84
2938,399,81,2,2026-03-26,1728.94
2939,405,46,3,2026-04-24,1997.6999999999998
2940,675,24,1,2026-07-19,372.7
2941,578,75,1,2026-04-02,709.79
2942,859,26,2,2026-04-24,1574.64
2943,130,98,1,2026-06-07,433.27
2944,931,28,3,2026-07-16,1557.27
2945,466,3,4,2026-05-07,2938.68
2946,206,75,3,2026-03-20,2129.37
2947,788,38,2,2026-07-03,213.4
2948,978,61,2,2026-03-21,789.58
2949,768,78,2,2026-03-28,166.6
2950,266,51,1,2026-09-02,969.89
2951,537,90,3,2026-06-09,1432.47
2952,962,48,4,2026-06-07,2099.48
2953,793,21,3,2026-05-31,1847.19
2954,253,54,4,2026-03-23,3583.52
2955,822,56,3,2026-06-26,2767.98
2956,289,94,2,2026-04-26,1131.32
2957,164,59,4,2026-09-01,219.12
2958,95,72,3,2026-09-11,620.1899999999999
2959,782,51,1,2026-07-12,969.89
2960,833,20,1,2026-07-25,298.32
2961,110,96,3,2026-04-09,1496.58
2962,336,86,2,2026-05-24,663.86
2963,822,59,4,2026-07-19,219.12
2964,238,71,3,2026-04-05,2323.56
2965,381,9,1,2026-03-18,605.1
2966,436,1,4,2026-04-02,1523.16
2967,899,29,1,2026-06-12,596.49
2968,483,63,1,2026-04-17,830.45
2969,937,72,3,2026-04-28,620.1899999999999
2970,902,56,1,2026-04-13,922.66
2971,25,68,4,2026-07-26,3216.72
2972,653,35,2,2026-07-27,1931.96
2973,117,3,3,2026-07-01,2204.0099999999998
2974,482,7,4,2026-05-23,270.0
2975,392,27,3,2026-07-31,623.04
2976,917,1,1,2026-03-24,380.79
2977,994,91,1,2026-08-26,128.4
2978,964,80,4,2026-07-29,498.84
2979,537,71,4,2026-08-01,3098.08
2980,79,44,2,2026-05-06,1820.46
2981,580,87,4,2026-08-15,2929.24
2982,173,41,4,2026-06-10,523.28
2983,956,75,3,2026-09-04,2129.37
2984,12,42,1,2026-05-28,500.23
2985,800,33,4,2026-07-05,297.6
2986,128,50,2,2026-04-25,386.02
2987,608,63,4,2026-07-09,3321.8
2988,92,100,1,2026-08-12,116.81
2989,653,37,4,2026-08-04,1246.28
2990,543,59,3,2026-04-18,164.34
2991,846,81,1,2026-07-11,864.47
2992,532,99,4,2026-09-13,140.64
2993,658,48,3,2026-06-22,1574.6100000000001
2994,989,5,1,2026-05-18,164.46
2995,828,48,4,2026-08-06,2099.48
2996,447,96,3,2026-09-04,1496.58
2997,390,3,2,2026-08-06,1469.34
2998,672,47,3,2026-06-24,955.77
2999,861,62,2,2026-04-15,557.28
3000,43,99,4,2026-09-01,140.64
3001,254,14,3,2026-04-07,660.66
3002,130,63,2,2026-04-10,1660.9
3003,60,61,1,2026-03-29,394.79
3004,663,31,3,2026-06-29,1834.41
3005,467,95,4,2026-05-12,3093.04
3006,287,17,1,2026-04-21,311.2
3007,517,24,2,2026-04-27,745.4
3008,467,23,3,2026-06-15,897.6600000000001
3009,930,82,3,2026-08-27,1881.21
3010,778,50,4,2026-06-25,772.04
3011,345,78,1,2026-05-03,83.3
3012,642,79,3,2026-07-20,1094.6399999999999
3013,382,79,3,2026-07-29,1094.6399999999999
3014,779,70,1,2026-05-04,987.02
3015,690,27,3,2026-08-28,623.04
3016,253,15,1,2026-05-08,190.01
3017,927,50,1,2026-08-05,193.01
3018,56,36,1,2026-05-31,810.31
3019,463,8,4,2026-04-28,3470.04
3020,457,79,1,2026-04-30,364.88
3021,983,3,1,2026-06-03,734.67
3022,83,62,2,2026-08-22,557.28
3023,905,47,2,2026-06-17,637.18
3024,99,77,4,2026-07-20,3094.24
3025,149,98,1,2026-07-22,433.27
3026,329,88,2,2026-03-29,1282.36
3027,156,96,2,2026-06-22,997.72
3028,190,61,3,2026-06-22,1184.3700000000001
3029,494,32,1,2026-06-14,178.82
3030,883,94,2,2026-07-01,1131.32
3031,263,13,4,2026-07-21,3336.48
3032,80,1,3,2026-04-09,1142.3700000000001
3033,400,34,3,2026-05-02,2848.2
3034,764,62,1,2026-05-16,278.64
3035,609,79,1,2026-04-24,364.88
3036,260,78,3,2026-04-01,249.89999999999998
3037,772,93,4,2026-09-12,3052.72
3038,615,98,1,2026-08-16,433.27
3039,552,82,1,2026-03-27,627.07
3040,785,71,3,2026-06-18,2323.56
3041,101,93,3,2026-05-23,2289.54
3042,359,31,1,2026-07-15,611.47
3043,380,64,2,2026-04-03,726.38
3044,820,25,1,2026-04-10,461.51
3045,221,38,2,2026-04-08,213.4
3046,820,14,3,2026-07-14,660.66
3047,420,8,2,2026-09-04,1735.02
3048,124,91,4,2026-03-24,513.6
3049,422,54,3,2026-06-24,2687.64
3050,231,2,1,2026-06-09,951.21
3051,690,81,1,2026-08-16,864.47
3052,63,78,3,2026-06-08,249.89999999999998
3053,485,89,3,2026-07-11,2665.02
3054,628,56,4,2026-04-29,3690.64
3055,703,94,3,2026-07-04,1696.98
3056,574,93,1,2026-09-08,763.18
3057,768,84,4,2026-05-05,291.68
3058,483,85,1,2026-06-11,317.87
3059,519,61,2,2026-05-06,789.58
3060,155,22,3,2026-05-07,444.29999999999995
3061,92,35,2,2026-05-23,1931.96
3062,982,16,1,2026-05-13,191.57
3063,526,50,2,2026-09-03,386.02
3064,455,43,2,2026-07-01,88.08
3065,741,17,1,2026-04-01,311.2
3066,598,80,1,2026-07-27,124.71
3067,645,58,3,2026-06-24,612.0600000000001
3068,510,2,2,2026-05-06,1902.42
3069,183,4,4,2026-08-24,2410.68
3070,386,85,4,2026-08-21,1271.48
3071,574,39,1,2026-08-03,687.39
3072,731,98,1,2026-04-30,433.27
3073,405,94,2,2026-05-01,1131.32
3074,246,6,1,2026-09-13,164.43
3075,742,81,4,2026-04-07,3457.88
3076,591,89,3,2026-08-29,2665.02
3077,661,69,3,2026-07-23,251.43
3078,650,69,2,2026-03-27,167.62
3079,471,20,3,2026-04-06,894.96
3080,826,64,1,2026-07-22,363.19
3081,888,16,1,2026-03-23,191.57
3082,423,51,1,2026-05-29,969.89
3083,901,37,1,2026-08-19,311.57
3084,65,73,2,2026-07-24,30.94
3085,13,69,3,2026-04-30,251.43
3086,213,42,4,2026-03-19,2000.92
3087,986,57,3,2026-05-26,292.83
3088,242,66,1,2026-04-02,547.27
3089,493,9,4,2026-08-27,2420.4
3090,213,100,2,2026-03-23,233.62
3091,693,86,1,2026-08-06,331.93
3092,338,64,1,2026-09-08,363.19
3093,997,86,4,2026-05-20,1327.72
3094,173,22,2,2026-06-22,296.2
3095,672,34,4,2026-09-05,3797.6
3096,164,55,2,2026-08-23,1203.84
3097,465,29,1,2026-08-27,596.49
3098,995,38,3,2026-09-01,320.1
3099,497,97,1,2026-07-31,527.51
3100,700,18,3,2026-07-12,1588.53
3101,395,71,3,2026-04-25,2323.56
3102,703,65,2,2026-08-27,576.26
3103,917,97,4,2026-04-20,2110.04
3104,308,1,2,2026-07-18,761.58
3105,768,88,1,2026-07-10,641.18
3106,183,4,4,2026-06-02,2410.68
3107,629,4,3,2026-06-07,1808.0099999999998
3108,794,82,3,2026-05-22,1881.21
3109,510,27,1,2026-04-06,207.68
3110,708,43,4,2026-06-03,176.16
3111,546,59,1,2026-05-27,54.78
3112,564,32,1,2026-06-26,178.82
3113,624,33,2,2026-09-10,148.8
3114,764,28,1,2026-06-07,519.09
3115,594,55,4,2026-03-26,2407.68
3116,744,100,1,2026-08-15,116.81
3117,227,60,4,2026-05-01,1328.32
3118,745,70,3,2026-09-13,2961.06
3119,733,62,1,2026-04-03,278.64
3120,436,80,4,2026-04-09,498.84
3121,925,34,3,2026-08-29,2848.2
3122,422,87,4,2026-04-18,2929.24
3123,554,88,3,2026-09-03,1923.54
3124,21,56,2,2026-03-19,1845.32
3125,554,13,1,2026-08-27,834.12
3126,397,56,1,2026-06-15,922.66
3127,625,18,3,2026-05-09,1588.53
3128,105,54,2,2026-08-18,1791.76
3129,192,77,4,2026-07-02,3094.24
3130,17,43,2,2026-03-23,88.08
3131,120,39,4,2026-06-29,2749.56
3132,393,61,4,2026-04-12,1579.16
3133,425,42,1,2026-08-23,500.23
3134,129,81,3,2026-07-04,2593.41
3135,130,79,1,2026-05-25,364.88
3136,572,18,1,2026-06-09,529.51
3137,560,23,1,2026-06-05,299.22
3138,29,54,4,2026-03-29,3583.52
3139,97,30,1,2026-09-07,55.99
3140,10,98,4,2026-05-16,1733.08
3141,242,58,3,2026-08-05,612.0600000000001
3142,826,68,4,2026-05-01,3216.72
3143,956,67,4,2026-07-20,598.04
3144,232,71,2,2026-08-11,1549.04
3145,789,18,1,2026-06-06,529.51
3146,284,7,1,2026-04-28,67.5
3147,715,40,1,2026-07-01,445.75
3148,759,70,1,2026-04-05,987.02
3149,802,86,2,2026-08-09,663.86
3150,776,65,2,2026-06-30,576.26
3151,955,68,2,2026-03-25,1608.36
3152,726,49,2,2026-04-02,1102.48
3153,200,52,1,2026-06-11,777.38
3154,945,29,4,2026-09-12,2385.96
3155,79,21,3,2026-04-26,1847.19
3156,913,90,2,2026-04-25,954.98
3157,956,78,4,2026-08-09,333.2
3158,855,9,2,2026-08-14,1210.2
3159,856,47,1,2026-09-04,318.59
3160,173,76,1,2026-09-13,731.72
3161,467,42,4,2026-04-21,2000.92
3162,581,51,4,2026-04-15,3879.56
3163,416,56,4,2026-06-06,3690.64
3164,940,51,1,2026-04-30,969.89
3165,449,70,1,2026-04-27,987.02
3166,87,20,3,2026-08-24,894.96
3167,101,88,4,2026-06-28,2564.72
3168,8,27,3,2026-07-23,623.04
3169,845,38,2,2026-06-18,213.4
3170,200,72,3,2026-07-22,620.1899999999999
3171,505,65,2,2026-06-01,576.26
3172,87,54,2,2026-04-02,1791.76
3173,43,24,3,2026-05-06,1118.1
3174,385,47,4,2026-08-09,1274.36
3175,621,71,2,2026-08-04,1549.04
3176,435,83,4,2026-07-29,1350.36
3177,408,86,1,2026-07-20,331.93
3178,483,63,2,2026-04-10,1660.9
3179,664,57,1,2026-07-12,97.61
3180,17,55,3,2026-07-27,1805.7599999999998
3181,645,60,4,2026-08-16,1328.32
3182,148,99,3,2026-07-30,105.47999999999999
3183,277,62,2,2026-03-27,557.28
3184,232,30,1,2026-04-22,55.99
3185,826,93,2,2026-09-01,1526.36
3186,927,22,3,2026-04-27,444.29999999999995
3187,366,75,4,2026-05-19,2839.16
3188,228,84,4,2026-04-02,291.68
3189,651,29,2,2026-04-27,1192.98
3190,436,41,2,2026-08-27,261.64
3191,399,42,1,2026-07-02,500.23
3192,211,98,3,2026-03-27,1299.81
3193,391,65,2,2026-08-28,576.26
3194,499,31,1,2026-07-12,611.47
3195,540,30,2,2026-08-20,111.98
3196,563,18,4,2026-07-26,2118.04
3197,491,17,1,2026-04-19,311.2
3198,442,38,1,2026-05-13,106.7
3199,261,14,2,2026-06-22,440.44
3200,773,87,3,2026-06-15,2196.93
3201,350,89,4,2026-08-13,3553.36
3202,352,79,3,2026-03-27,1094.6399999999999
3203,520,56,1,2026-03-31,922.66
3204,320,22,3,2026-07-16,444.29999999999995
3205,138,67,1,2026-08-20,149.51
3206,550,56,3,2026-07-04,2767.98
3207,623,19,2,2026-04-09,875.26
3208,992,57,3,2026-08-28,292.83
3209,368,44,1,2026-07-27,910.23
3210,220,98,4,2026-06-25,1733.08
3211,337,35,4,2026-05-13,3863.92
3212,223,1,4,2026-05-22,1523.16
3213,648,52,1,2026-06-22,777.38
3214,768,85,3,2026-04-10,953.61
3215,360,93,4,2026-03-30,3052.72
3216,921,70,4,2026-06-28,3948.08
3217,329,37,4,2026-03-21,1246.28
3218,962,65,2,2026-04-18,576.26
3219,463,51,1,2026-08-06,969.89
3220,946,1,1,2026-04-23,380.79
3221,963,91,1,2026-04-22,128.4
3222,561,21,1,2026-06-13,615.73
3223,804,53,1,2026-06-26,940.1
3224,382,16,2,2026-05-28,383.14
3225,836,61,3,2026-08-02,1184.3700000000001
3226,590,54,2,2026-09-13,1791.76
3227,617,40,4,2026-06-26,1783.0
3228,169,26,2,2026-07-13,1574.64
3229,217,80,1,2026-07-20,124.71
3230,378,92,2,2026-04-03,1432.22
3231,119,65,1,2026-05-26,288.13
3232,190,100,2,2026-07-06,233.62
3233,767,74,1,2026-06-14,817.31
3234,370,64,4,2026-08-11,1452.76
3235,778,43,1,2026-03-25,44.04
3236,149,17,2,2026-06-22,622.4
3237,676,59,4,2026-05-15,219.12
3238,652,23,2,2026-05-19,598.44
3239,859,7,4,2026-05-23,270.0
3240,488,44,3,2026-06-15,2730.69
3241,770,53,3,2026-06-28,2820.3
3242,374,71,3,2026-05-13,2323.56
3243,781,79,2,2026-04-26,729.76
3244,693,34,2,2026-08-18,1898.8
3245,160,46,4,2026-08-01,2663.6
3246,351,68,4,2026-04-02,3216.72
3247,912,78,4,2026-04-12,333.2
3248,288,78,4,2026-08-25,333.2
3249,288,16,1,2026-07-05,191.57
3250,892,71,3,2026-08-10,2323.56
3251,226,96,1,2026-04-30,498.86
3252,523,19,1,2026-07-26,437.63
3253,522,2,1,2026-07-09,951.21
3254,783,10,1,2026-04-07,710.99
3255,273,50,3,2026-08-26,579.03
3256,936,81,1,2026-08-26,864.47
3257,402,12,4,2026-09-10,3880.84
3258,183,70,2,2026-05-08,1974.04
3259,969,22,4,2026-04-06,592.4
3260,665,32,2,2026-09-07,357.64
3261,488,84,4,2026-04-19,291.68
3262,827,1,4,2026-04-19,1523.16
3263,846,54,2,2026-06-03,1791.76
3264,124,58,3,2026-04-16,612.0600000000001
3265,985,70,1,2026-07-22,987.02
3266,626,83,4,2026-09-05,1350.36
3267,790,18,3,2026-04-26,1588.53
3268,414,6,1,2026-07-10,164.43
3269,980,45,3,2026-04-28,798.5699999999999
3270,725,97,3,2026-04-29,1582.53
3271,172,23,1,2026-05-17,299.22
3272,288,23,4,2026-03-31,1196.88
3273,435,26,3,2026-08-07,2361.96
3274,686,77,4,2026-06-13,3094.24
3275,113,7,4,2026-06-06,270.0
3276,888,79,4,2026-07-19,1459.52
3277,917,44,1,2026-04-17,910.23
3278,995,27,2,2026-07-02,415.36
3279,122,26,4,2026-08-11,3149.28
3280,544,97,2,2026-05-19,1055.02
3281,222,79,2,2026-05-09,729.76
3282,631,36,3,2026-05-07,2430.93
3283,39,55,4,2026-08-22,2407.68
3284,497,64,4,2026-06-05,1452.76
3285,780,91,4,2026-06-13,513.6
3286,233,57,2,2026-05-09,195.22
3287,943,69,1,2026-09-12,83.81
3288,530,61,2,2026-03-29,789.58
3289,149,2,4,2026-07-15,3804.84
3290,397,55,4,2026-04-10,2407.68
3291,661,97,4,2026-03-23,2110.04
3292,638,80,2,2026-08-03,249.42
3293,904,87,4,2026-05-06,2929.24
3294,302,38,3,2026-08-10,320.1
3295,360,80,4,2026-05-23,498.84
3296,238,78,1,2026-08-05,83.3
3297,647,29,3,2026-07-31,1789.47
3298,663,26,4,2026-04-23,3149.28
3299,236,35,3,2026-04-23,2897.94
3300,736,79,4,2026-03-30,1459.52
3301,203,67,1,2026-08-08,149.51
3302,256,87,4,2026-05-14,2929.24
3303,598,29,3,2026-06-15,1789.47
3304,662,34,1,2026-09-04,949.4
3305,235,97,2,2026-07-20,1055.02
3306,345,41,1,2026-05-13,130.82
3307,534,41,1,2026-07-17,130.82
3308,860,23,1,2026-08-29,299.22
3309,797,71,3,2026-07-09,2323.56
3310,781,3,1,2026-06-12,734.67
3311,466,58,4,2026-07-17,816.08
3312,770,32,1,2026-09-04,178.82
3313,541,31,1,2026-03-27,611.47
3314,213,82,4,2026-07-24,2508.28
3315,463,43,4,2026-05-05,176.16
3316,436,7,2,2026-06-14,135.0
3317,283,1,1,2026-06-07,380.79
3318,562,61,3,2026-05-17,1184.3700000000001
3319,607,14,1,2026-05-21,220.22
3320,463,52,1,2026-09-03,777.38
3321,407,96,4,2026-09-04,1995.44
3322,88,6,2,2026-04-01,328.86
3323,44,10,1,2026-06-24,710.99
3324,461,71,3,2026-08-19,2323.56
3325,278,90,1,2026-03-18,477.49
3326,683,98,3,2026-05-04,1299.81
3327,421,30,4,2026-04-05,223.96
3328,701,100,2,2026-07-06,233.62
3329,353,21,1,2026-07-09,615.73
3330,696,60,2,2026-04-19,664.16
3331,515,81,1,2026-04-28,864.47
3332,703,97,3,2026-04-22,1582.53
3333,630,74,2,2026-08-01,1634.62
3334,19,63,1,2026-06-10,830.45
3335,23,42,4,2026-03-31,2000.92
3336,413,51,3,2026-06-10,2909.67
3337,30,64,2,2026-06-13,726.38
3338,807,76,1,2026-04-17,731.72
3339,108,56,2,2026-03-31,1845.32
3340,367,80,1,2026-08-26,124.71
3341,281,41,3,2026-05-05,392.46
3342,128,32,4,2026-07-12,715.28
3343,229,15,3,2026-06-10,570.03
3344,111,62,2,2026-07-19,557.28
3345,136,27,2,2026-05-05,415.36
3346,362,28,1,2026-06-03,519.09
3347,186,81,3,2026-06-16,2593.41
3348,656,64,1,2026-06-18,363.19
3349,584,59,3,2026-05-13,164.34
3350,129,58,2,2026-05-14,408.04
3351,876,2,1,2026-04-13,951.21
3352,261,36,1,2026-09-13,810.31
3353,515,71,3,2026-05-09,2323.56
3354,449,13,4,2026-08-10,3336.48
3355,900,15,3,2026-05-25,570.03
3356,104,89,4,2026-08-03,3553.36
3357,483,87,3,2026-07-18,2196.93
3358,224,60,2,2026-08-26,664.16
3359,832,22,1,2026-05-06,148.1
3360,874,63,3,2026-04-03,2491.3500000000004
3361,866,90,2,2026-07-05,954.98
3362,491,97,3,2026-07-22,1582.53
3363,473,75,1,2026-08-07,709.79
3364,10,74,3,2026-07-29,2451.93
3365,405,25,4,2026-08-05,1846.04
3366,896,48,1,2026-06-14,524.87
3367,302,43,4,2026-04-13,176.16
3368,231,38,2,2026-08-15,213.4
3369,731,41,2,2026-03-29,261.64
3370,923,45,3,2026-07-18,798.5699999999999
3371,66,88,4,2026-05-31,2564.72
3372,937,40,4,2026-06-22,1783.0
3373,112,97,1,2026-08-16,527.51
3374,13,17,4,2026-05-14,1244.8
3375,393,88,4,2026-03-26,2564.72
3376,500,57,1,2026-05-15,97.61
3377,932,2,1,2026-05-15,951.21
3378,598,96,4,2026-07-23,1995.44
3379,234,62,3,2026-04-16,835.92
3380,602,88,1,2026-08-04,641.18
3381,314,9,1,2026-04-02,605.1
3382,566,68,4,2026-06-01,3216.72
3383,12,81,4,2026-09-09,3457.88
3384,209,17,1,2026-07-14,311.2
3385,974,50,4,2026-09-03,772.04
3386,14,94,1,2026-08-13,565.66
3387,633,40,3,2026-04-21,1337.25
3388,418,58,3,2026-04-16,612.0600000000001
3389,437,75,1,2026-08-04,709.79
3390,377,85,1,2026-08-11,317.87
3391,20,21,2,2026-04-06,1231.46
3392,587,18,2,2026-05-06,1059.02
3393,912,55,4,2026-09-04,2407.68
3394,755,29,4,2026-04-21,2385.96
3395,735,24,1,2026-08-08,372.7
3396,70,74,1,2026-08-31,817.31
3397,824,17,2,2026-08-03,622.4
3398,211,18,2,2026-07-10,1059.02
3399,101,42,1,2026-07-30,500.23
3400,698,84,3,2026-05-05,218.76
3401,132,45,3,2026-06-03,798.5699999999999
3402,623,82,4,2026-04-14,2508.28
3403,381,17,1,2026-04-23,311.2
3404,132,73,1,2026-04-04,15.47
3405,20,14,4,2026-09-10,880.88
3406,906,49,2,2026-03-29,1102.48
3407,536,29,2,2026-07-04,1192.98
3408,227,95,3,2026-08-24,2319.7799999999997
3409,154,4,1,2026-07-21,602.67
3410,805,82,2,2026-05-23,1254.14
3411,742,20,3,2026-04-12,894.96
3412,469,47,3,2026-05-17,955.77
3413,822,9,3,2026-05-14,1815.3000000000002
3414,1000,77,2,2026-08-02,1547.12
3415,871,79,2,2026-07-20,729.76
3416,405,27,1,2026-06-01,207.68
3417,202,15,1,2026-04-14,190.01
3418,38,92,3,2026-08-09,2148.33
3419,942,19,3,2026-04-18,1312.8899999999999
3420,772,90,2,2026-07-30,954.98
3421,188,52,2,2026-04-08,1554.76
3422,57,26,1,2026-03-30,787.32
3423,941,89,1,2026-05-07,888.34
3424,20,26,4,2026-07-09,3149.28
3425,273,26,1,2026-08-03,787.32
3426,119,46,2,2026-03-23,1331.8
3427,583,92,3,2026-06-19,2148.33
3428,516,49,4,2026-05-21,2204.96
3429,221,82,1,2026-04-15,627.07
3430,526,96,1,2026-04-16,498.86
3431,515,53,2,2026-08-28,1880.2
3432,728,3,4,2026-07-18,2938.68
3433,741,66,1,2026-06-10,547.27
3434,336,97,3,2026-06-08,1582.53
3435,698,42,2,2026-08-12,1000.46
3436,55,19,4,2026-08-18,1750.52
3437,500,17,1,2026-09-10,311.2
3438,900,33,1,2026-07-25,74.4
3439,888,76,4,2026-05-04,2926.88
3440,766,49,2,2026-05-08,1102.48
3441,536,56,4,2026-03-23,3690.64
3442,162,63,4,2026-05-30,3321.8
3443,670,3,2,2026-08-07,1469.34
3444,594,49,1,2026-04-12,551.24
3445,915,55,3,2026-08-21,1805.7599999999998
3446,159,26,2,2026-07-31,1574.64
3447,188,99,3,2026-05-16,105.47999999999999
3448,60,72,1,2026-04-10,206.73
3449,915,52,4,2026-04-14,3109.52
3450,817,100,3,2026-09-05,350.43
3451,319,7,1,2026-05-01,67.5
3452,878,46,1,2026-05-09,665.9
3453,211,46,4,2026-08-15,2663.6
3454,406,100,4,2026-08-22,467.24
3455,664,16,1,2026-05-14,191.57
3456,109,24,1,2026-03-30,372.7
3457,76,61,3,2026-08-12,1184.3700000000001
3458,542,54,1,2026-04-13,895.88
3459,314,62,1,2026-04-29,278.64
3460,998,1,3,2026-09-14,1142.3700000000001
3461,117,49,2,2026-03-25,1102.48
3462,927,25,3,2026-04-01,1384.53
3463,868,10,3,2026-05-27,2132.9700000000003
3464,704,80,4,2026-05-04,498.84
3465,19,16,3,2026-05-30,574.71
3466,432,58,1,2026-06-12,204.02
3467,685,72,1,2026-09-03,206.73
3468,740,29,1,2026-03-20,596.49
3469,350,92,2,2026-05-02,1432.22
3470,183,6,1,2026-05-28,164.43
3471,113,16,2,2026-07-18,383.14
3472,183,20,1,2026-05-14,298.32
3473,481,80,3,2026-06-09,374.13
3474,146,71,4,2026-06-17,3098.08
3475,831,78,1,2026-04-17,83.3
3476,628,43,2,2026-03-20,88.08
3477,113,26,2,2026-04-20,1574.64
3478,763,90,4,2026-08-20,1909.96
3479,476,78,1,2026-05-29,83.3
3480,763,71,3,2026-08-11,2323.56
3481,303,33,1,2026-07-11,74.4
3482,971,26,1,2026-05-15,787.32
3483,825,45,4,2026-07-17,1064.76
3484,118,84,1,2026-08-24,72.92
3485,813,63,3,2026-07-04,2491.3500000000004
3486,161,67,2,2026-04-14,299.02
3487,401,52,4,2026-04-28,3109.52
3488,198,68,3,2026-06-02,2412.54
3489,260,26,2,2026-07-11,1574.64
3490,660,75,4,2026-07-28,2839.16
3491,752,2,4,2026-09-13,3804.84
3492,47,14,2,2026-09-13,440.44
3493,987,30,2,2026-04-20,111.98
3494,399,49,3,2026-05-04,1653.72
3495,710,12,1,2026-08-15,970.21
3496,559,90,1,2026-05-04,477.49
3497,78,44,1,2026-09-13,910.23
3498,124,33,1,2026-06-10,74.4
3499,75,13,1,2026-03-31,834.12
3500,871,78,3,2026-07-24,249.89999999999998
3501,137,88,4,2026-03-22,2564.72
3502,602,98,3,2026-06-26,1299.81
3503,400,26,3,2026-06-02,2361.96
3504,837,21,3,2026-06-14,1847.19
3505,505,28,4,2026-08-18,2076.36
3506,500,48,3,2026-08-06,1574.6100000000001
3507,573,100,3,2026-05-28,350.43
3508,138,40,4,2026-04-01,1783.0
3509,50,66,3,2026-04-18,1641.81
3510,771,73,1,2026-07-12,15.47
3511,973,87,2,2026-07-10,1464.62
3512,619,79,3,2026-04-30,1094.6399999999999
3513,625,77,2,2026-05-29,1547.12
3514,862,23,3,2026-04-23,897.6600000000001
3515,254,81,3,2026-06-13,2593.41
3516,630,48,1,2026-04-11,524.87
3517,710,2,4,2026-07-06,3804.84
3518,849,84,2,2026-03-24,145.84
3519,877,20,4,2026-06-05,1193.28
3520,563,59,1,2026-07-24,54.78
3521,757,46,1,2026-06-01,665.9
3522,915,3,2,2026-04-26,1469.34
3523,426,55,4,2026-04-25,2407.68
3524,547,12,1,2026-05-14,970.21
3525,302,40,3,2026-07-31,1337.25
3526,922,66,3,2026-06-12,1641.81
3527,581,100,3,2026-04-24,350.43
3528,349,78,4,2026-04-25,333.2
3529,832,16,3,2026-05-14,574.71
3530,933,83,3,2026-07-12,1012.77
3531,980,34,1,2026-06-28,949.4
3532,49,44,1,2026-04-20,910.23
3533,917,6,3,2026-06-18,493.29
3534,74,77,3,2026-03-18,2320.68
3535,704,64,1,2026-06-05,363.19
3536,261,100,2,2026-08-10,233.62
3537,356,22,4,2026-03-30,592.4
3538,582,18,4,2026-08-15,2118.04
3539,602,12,1,2026-07-18,970.21
3540,260,52,4,2026-05-23,3109.52
3541,638,94,1,2026-03-19,565.66
3542,743,51,1,2026-08-04,969.89
3543,295,71,1,2026-08-20,774.52
3544,931,96,1,2026-07-22,498.86
3545,641,48,2,2026-05-07,1049.74
3546,792,19,3,2026-06-04,1312.8899999999999
3547,313,6,3,2026-06-20,493.29
3548,612,84,2,2026-04-27,145.84
3549,838,27,4,2026-04-10,830.72
3550,809,53,4,2026-03-20,3760.4
3551,182,48,3,2026-03-23,1574.6100000000001
3552,686,7,4,2026-03-18,270.0
3553,828,59,3,2026-09-01,164.34
3554,364,69,3,2026-08-04,251.43
3555,188,11,2,2026-06-07,60.76
3556,569,15,4,2026-04-05,760.04
3557,543,64,2,2026-09-13,726.38
3558,596,3,3,2026-08-22,2204.0099999999998
3559,664,69,3,2026-08-08,251.43
3560,985,23,3,2026-05-17,897.6600000000001
3561,548,53,1,2026-04-14,940.1
3562,725,37,1,2026-05-26,311.57
3563,926,9,1,2026-08-23,605.1
3564,408,15,2,2026-08-29,380.02
3565,876,3,3,2026-07-09,2204.0099999999998
3566,618,93,4,2026-07-20,3052.72
3567,414,70,2,2026-06-12,1974.04
3568,342,17,2,2026-08-25,622.4
3569,220,26,2,2026-04-12,1574.64
3570,903,21,4,2026-09-05,2462.92
3571,163,72,3,2026-06-08,620.1899999999999
3572,951,21,1,2026-06-04,615.73
3573,220,11,3,2026-04-10,91.14
3574,270,38,3,2026-03-31,320.1
3575,632,72,2,2026-05-04,413.46
3576,906,88,2,2026-07-03,1282.36
3577,848,35,2,2026-04-15,1931.96
3578,400,14,1,2026-08-31,220.22
3579,182,14,1,2026-08-01,220.22
3580,991,10,1,2026-04-04,710.99
3581,618,12,3,2026-05-11,2910.63
3582,729,38,2,2026-05-25,213.4
3583,205,34,4,2026-09-12,3797.6
3584,582,41,3,2026-07-25,392.46
3585,556,10,1,2026-03-30,710.99
3586,841,17,4,2026-05-05,1244.8
3587,813,17,4,2026-07-03,1244.8
3588,228,67,2,2026-07-27,299.02
3589,696,62,4,2026-09-06,1114.56
3590,619,95,1,2026-04-14,773.26
3591,596,1,2,2026-05-07,761.58
3592,850,12,4,2026-05-05,3880.84
3593,250,4,2,2026-03-20,1205.34
3594,875,42,4,2026-07-17,2000.92
3595,441,13,3,2026-04-10,2502.36
3596,533,98,3,2026-08-02,1299.81
3597,196,85,1,2026-03-26,317.87
3598,690,86,3,2026-09-05,995.79
3599,929,4,3,2026-06-14,1808.0099999999998
3600,987,82,3,2026-07-15,1881.21
3601,519,69,4,2026-03-31,335.24
3602,70,19,4,2026-09-14,1750.52
3603,639,2,2,2026-08-05,1902.42
3604,399,12,4,2026-08-23,3880.84
3605,978,81,3,2026-07-06,2593.41
3606,672,74,4,2026-06-04,3269.24
3607,760,98,1,2026-06-16,433.27
3608,203,6,2,2026-03-27,328.86
3609,148,8,2,2026-06-05,1735.02
3610,472,51,4,2026-06-03,3879.56
3611,655,11,3,2026-04-17,91.14
3612,944,63,2,2026-07-25,1660.9
3613,199,57,1,2026-05-05,97.61
3614,917,12,1,2026-09-11,970.21
3615,426,73,2,2026-03-18,30.94
3616,666,2,3,2026-08-28,2853.63
3617,492,8,3,2026-08-22,2602.5299999999997
3618,888,11,4,2026-04-27,121.52
3619,896,53,4,2026-07-04,3760.4
3620,142,100,2,2026-04-24,233.62
3621,313,10,4,2026-04-18,2843.96
3622,165,85,4,2026-06-17,1271.48
3623,314,84,4,2026-06-18,291.68
3624,21,8,1,2026-07-06,867.51
3625,82,36,4,2026-07-19,3241.24
3626,581,93,2,2026-04-12,1526.36
3627,131,76,3,2026-07-27,2195.16
3628,599,14,4,2026-05-21,880.88
3629,730,54,3,2026-06-03,2687.64
3630,933,85,4,2026-04-20,1271.48
3631,984,86,2,2026-09-13,663.86
3632,305,21,1,2026-07-10,615.73
3633,915,50,2,2026-08-01,386.02
3634,371,94,1,2026-06-02,565.66
3635,857,39,4,2026-05-08,2749.56
3636,853,20,4,2026-08-18,1193.28
3637,384,88,1,2026-04-24,641.18
3638,908,87,2,2026-08-27,1464.62
3639,445,7,2,2026-05-09,135.0
3640,425,9,1,2026-07-01,605.1
3641,161,1,4,2026-06-19,1523.16
3642,178,26,1,2026-08-16,787.32
3643,629,38,4,2026-05-06,426.8
3644,708,38,1,2026-07-11,106.7
3645,895,61,4,2026-04-30,1579.16
3646,490,44,1,2026-04-20,910.23
3647,327,86,3,2026-07-12,995.79
3648,598,44,4,2026-03-21,3640.92
3649,289,74,2,2026-05-24,1634.62
3650,593,62,1,2026-06-10,278.64
3651,664,6,2,2026-04-23,328.86
3652,573,17,1,2026-05-14,311.2
3653,573,51,2,2026-07-14,1939.78
3654,354,38,2,2026-06-20,213.4
3655,28,24,1,2026-05-20,372.7
3656,954,51,1,2026-03-24,969.89
3657,43,10,2,2026-05-20,1421.98
3658,681,72,2,2026-04-17,413.46
3659,423,21,2,2026-09-07,1231.46
3660,598,70,4,2026-05-14,3948.08
3661,177,85,4,2026-08-16,1271.48
3662,529,57,3,2026-07-10,292.83
3663,610,39,4,2026-08-28,2749.56
3664,966,88,4,2026-06-09,2564.72
3665,494,33,1,2026-04-05,74.4
3666,198,59,3,2026-07-20,164.34
3667,610,18,3,2026-03-25,1588.53
3668,577,56,4,2026-03-19,3690.64
3669,842,92,1,2026-07-18,716.11
3670,853,57,1,2026-06-26,97.61
3671,517,96,3,2026-06-01,1496.58
3672,514,76,1,2026-06-16,731.72
3673,22,48,2,2026-05-05,1049.74
3674,112,42,4,2026-04-30,2000.92
3675,57,27,2,2026-09-12,415.36
3676,66,74,3,2026-03-19,2451.93
3677,842,52,3,2026-07-09,2332.14
3678,98,42,1,2026-07-13,500.23
3679,144,32,1,2026-07-03,178.82
3680,880,26,3,2026-08-22,2361.96
3681,435,25,3,2026-06-04,1384.53
3682,637,75,2,2026-03-26,1419.58
3683,679,23,2,2026-06-19,598.44
3684,86,98,1,2026-08-26,433.27
3685,588,57,2,2026-04-26,195.22
3686,344,52,1,2026-07-31,777.38
3687,936,87,1,2026-05-16,732.31
3688,294,93,4,2026-06-26,3052.72
3689,956,31,1,2026-06-16,611.47
3690,571,64,2,2026-07-21,726.38
3691,650,71,3,2026-04-21,2323.56
3692,611,33,3,2026-07-08,223.20000000000002
3693,704,85,2,2026-07-30,635.74
3694,243,2,3,2026-03-24,2853.63
3695,831,18,1,2026-07-28,529.51
3696,561,47,3,2026-05-10,955.77
3697,960,33,2,2026-07-25,148.8
3698,32,98,3,2026-07-16,1299.81
3699,391,84,1,2026-07-15,72.92
3700,277,35,1,2026-07-09,965.98
3701,532,51,2,2026-07-24,1939.78
3702,154,18,2,2026-07-18,1059.02
3703,383,88,2,2026-07-25,1282.36
3704,68,72,4,2026-07-13,826.92
3705,878,30,4,2026-04-09,223.96
3706,884,44,1,2026-06-15,910.23
3707,214,53,4,2026-08-06,3760.4
3708,655,10,4,2026-08-18,2843.96
3709,376,87,3,2026-08-15,2196.93
3710,744,52,4,2026-08-25,3109.52
3711,213,49,3,2026-03-25,1653.72
3712,79,11,2,2026-03-29,60.76
3713,726,66,3,2026-05-11,1641.81
3714,628,58,3,2026-04-10,612.0600000000001
3715,604,90,2,2026-09-13,954.98
3716,782,36,2,2026-04-29,1620.62
3717,923,33,1,2026-09-04,74.4
3718,381,47,1,2026-05-14,318.59
3719,680,13,1,2026-06-11,834.12
3720,58,40,1,2026-04-09,445.75
3721,796,89,3,2026-06-26,2665.02
3722,26,68,3,2026-05-11,2412.54
3723,881,42,1,2026-04-20,500.23
3724,447,19,4,2026-07-06,1750.52
3725,66,82,1,2026-05-12,627.07
3726,921,94,4,2026-07-30,2262.64
3727,760,19,2,2026-05-07,875.26
3728,254,58,3,2026-07-05,612.0600000000001
3729,899,23,3,2026-06-05,897.6600000000001
3730,968,54,4,2026-07-20,3583.52
3731,44,80,1,2026-04-20,124.71
3732,97,65,3,2026-08-13,864.39
3733,554,12,4,2026-09-01,3880.84
3734,227,24,2,2026-05-03,745.4
3735,774,34,2,2026-05-29,1898.8
3736,679,53,3,2026-05-15,2820.3
3737,436,8,1,2026-04-29,867.51
3738,791,18,4,2026-09-06,2118.04
3739,601,57,3,2026-05-09,292.83
3740,379,5,2,2026-06-18,328.92
3741,178,26,1,2026-06-06,787.32
3742,427,30,4,2026-03-23,223.96
3743,915,54,3,2026-08-01,2687.64
3744,709,13,4,2026-05-20,3336.48
3745,307,83,1,2026-08-15,337.59
3746,779,29,1,2026-03-20,596.49
3747,504,3,2,2026-05-05,1469.34
3748,268,90,1,2026-05-20,477.49
3749,586,58,3,2026-06-26,612.0600000000001
3750,8,76,4,2026-03-22,2926.88
3751,920,2,1,2026-09-12,951.21
3752,508,75,1,2026-09-11,709.79
3753,476,28,3,2026-03-26,1557.27
3754,297,82,4,2026-07-23,2508.28
3755,164,77,4,2026-06-09,3094.24
3756,485,86,2,2026-04-19,663.86
3757,597,76,2,2026-08-20,1463.44
3758,72,2,4,2026-06-23,3804.84
3759,567,7,3,2026-06-14,202.5
3760,905,26,3,2026-04-11,2361.96
3761,559,90,2,2026-07-10,954.98
3762,911,88,1,2026-07-29,641.18
3763,944,76,3,2026-04-27,2195.16
3764,238,16,1,2026-07-09,191.57
3765,104,23,3,2026-07-16,897.6600000000001
3766,210,40,4,2026-07-08,1783.0
3767,554,60,2,2026-05-17,664.16
3768,828,73,1,2026-04-11,15.47
3769,468,32,1,2026-06-19,178.82
3770,454,15,4,2026-06-13,760.04
3771,268,13,3,2026-07-29,2502.36
3772,386,5,1,2026-05-10,164.46
3773,775,75,3,2026-05-29,2129.37
3774,848,74,4,2026-07-23,3269.24
3775,387,52,2,2026-05-30,1554.76
3776,877,77,1,2026-03-19,773.56
3777,259,41,3,2026-06-11,392.46
3778,283,53,1,2026-06-13,940.1
3779,626,50,3,2026-06-04,579.03
3780,875,15,3,2026-07-05,570.03
3781,40,7,3,2026-05-22,202.5
3782,486,40,4,2026-07-30,1783.0
3783,929,28,2,2026-04-21,1038.18
3784,220,32,1,2026-08-12,178.82
3785,129,99,2,2026-04-20,70.32
3786,520,15,3,2026-03-23,570.03
3787,613,100,3,2026-07-18,350.43
3788,928,85,2,2026-08-20,635.74
3789,892,70,2,2026-07-07,1974.04
3790,688,65,1,2026-07-16,288.13
3791,619,4,3,2026-04-25,1808.0099999999998
3792,613,11,2,2026-05-27,60.76
3793,260,26,4,2026-06-09,3149.28
3794,990,61,3,2026-07-26,1184.3700000000001
3795,966,37,3,2026-08-08,934.71
3796,366,23,1,2026-08-07,299.22
3797,758,93,4,2026-05-16,3052.72
3798,787,85,1,2026-09-12,317.87
3799,544,91,4,2026-07-31,513.6
3800,649,40,1,2026-05-30,445.75
3801,524,77,4,2026-05-10,3094.24
3802,907,23,4,2026-08-11,1196.88
3803,814,16,4,2026-04-06,766.28
3804,887,94,2,2026-05-05,1131.32
3805,16,61,3,2026-05-01,1184.3700000000001
3806,129,68,4,2026-06-26,3216.72
3807,575,80,2,2026-05-13,249.42
3808,109,31,2,2026-06-30,1222.94
3809,887,53,1,2026-07-12,940.1
3810,533,25,3,2026-04-24,1384.53
3811,670,44,3,2026-04-22,2730.69
3812,269,12,1,2026-09-02,970.21
3813,162,90,3,2026-06-05,1432.47
3814,260,97,1,2026-08-20,527.51
3815,924,92,2,2026-03-22,1432.22
3816,102,9,2,2026-08-04,1210.2
3817,506,12,4,2026-08-30,3880.84
3818,735,69,1,2026-07-21,83.81
3819,571,54,2,2026-07-11,1791.76
3820,247,54,2,2026-05-16,1791.76
3821,640,28,1,2026-04-06,519.09
3822,795,56,2,2026-08-21,1845.32
3823,837,99,3,2026-05-22,105.47999999999999
3824,537,69,2,2026-06-21,167.62
3825,131,98,1,2026-07-10,433.27
3826,353,98,3,2026-06-14,1299.81
3827,196,77,3,2026-06-14,2320.68
3828,793,58,2,2026-04-24,408.04
3829,916,78,4,2026-04-25,333.2
3830,930,75,3,2026-07-11,2129.37
3831,666,42,1,2026-06-18,500.23
3832,382,38,4,2026-09-09,426.8
3833,645,68,4,2026-06-01,3216.72
3834,227,53,3,2026-08-14,2820.3
3835,701,33,2,2026-06-17,148.8
3836,476,71,4,2026-03-25,3098.08
3837,477,56,2,2026-04-12,1845.32
3838,265,72,3,2026-07-26,620.1899999999999
3839,372,51,1,2026-04-20,969.89
3840,486,74,4,2026-04-20,3269.24
3841,434,43,1,2026-04-01,44.04
3842,646,15,2,2026-04-01,380.02
3843,211,38,2,2026-04-30,213.4
3844,572,15,1,2026-08-01,190.01
3845,940,5,3,2026-07-04,493.38
3846,377,93,3,2026-06-16,2289.54
3847,395,83,4,2026-06-23,1350.36
3848,450,54,4,2026-03-26,3583.52
3849,943,51,3,2026-05-07,2909.67
3850,364,10,3,2026-05-13,2132.9700000000003
3851,876,12,1,2026-05-23,970.21
3852,457,4,2,2026-08-25,1205.34
3853,725,95,2,2026-06-09,1546.52
3854,728,18,4,2026-04-10,2118.04
3855,226,80,3,2026-07-03,374.13
3856,982,36,1,2026-05-19,810.31
3857,131,25,4,2026-04-06,1846.04
3858,588,87,1,2026-08-08,732.31
3859,476,76,3,2026-08-03,2195.16
3860,798,98,3,2026-04-04,1299.81
3861,986,36,3,2026-06-20,2430.93
3862,277,67,2,2026-05-30,299.02
3863,156,9,3,2026-04-06,1815.3000000000002
3864,760,61,4,2026-04-11,1579.16
3865,218,53,2,2026-04-21,1880.2
3866,190,18,1,2026-06-03,529.51
3867,417,43,4,2026-08-27,176.16
3868,981,35,4,2026-08-25,3863.92
3869,675,63,1,2026-08-04,830.45
3870,692,98,2,2026-06-19,866.54
3871,546,78,4,2026-07-18,333.2
3872,41,4,4,2026-06-26,2410.68
3873,307,93,4,2026-06-25,3052.72
3874,943,41,2,2026-03-31,261.64
3875,338,45,2,2026-07-02,532.38
3876,314,50,2,2026-07-08,386.02
3877,75,79,4,2026-04-13,1459.52
3878,953,28,3,2026-04-02,1557.27
3879,279,42,1,2026-06-05,500.23
3880,176,80,3,2026-07-07,374.13
3881,896,76,2,2026-05-24,1463.44
3882,662,69,4,2026-06-14,335.24
3883,273,98,4,2026-04-17,1733.08
3884,837,1,3,2026-05-04,1142.3700000000001
3885,620,39,3,2026-05-22,2062.17
3886,651,96,1,2026-06-01,498.86
3887,862,90,4,2026-08-03,1909.96
3888,783,17,3,2026-07-29,933.5999999999999
3889,859,91,1,2026-09-09,128.4
3890,931,88,2,2026-08-13,1282.36
3891,289,35,3,2026-07-16,2897.94
3892,724,46,2,2026-03-29,1331.8
3893,893,42,1,2026-07-12,500.23
3894,272,39,2,2026-03-19,1374.78
3895,930,90,4,2026-08-25,1909.96
3896,66,49,4,2026-07-23,2204.96
3897,483,62,2,2026-08-03,557.28
3898,936,38,4,2026-06-05,426.8
3899,248,23,1,2026-08-19,299.22
3900,156,22,4,2026-08-21,592.4
3901,47,4,2,2026-08-29,1205.34
3902,935,49,2,2026-05-16,1102.48
3903,454,59,2,2026-04-27,109.56
3904,201,73,3,2026-09-01,46.410000000000004
3905,660,68,2,2026-09-08,1608.36
3906,124,71,1,2026-06-05,774.52
3907,1,87,4,2026-05-03,2929.24
3908,968,2,4,2026-08-24,3804.84
3909,759,49,3,2026-08-19,1653.72
3910,855,88,3,2026-07-09,1923.54
3911,640,95,1,2026-04-09,773.26
3912,191,31,2,2026-08-06,1222.94
3913,579,40,3,2026-08-24,1337.25
3914,516,48,4,2026-03-31,2099.48
3915,442,51,3,2026-06-07,2909.67
3916,921,43,3,2026-06-27,132.12
3917,815,98,2,2026-07-18,866.54
3918,806,55,3,2026-07-13,1805.7599999999998
3919,143,88,1,2026-07-04,641.18
3920,191,49,4,2026-05-24,2204.96
3921,533,90,2,2026-04-07,954.98
3922,227,80,4,2026-08-13,498.84
3923,313,57,1,2026-08-12,97.61
3924,629,77,1,2026-05-03,773.56
3925,949,15,3,2026-08-02,570.03
3926,302,27,3,2026-09-07,623.04
3927,654,68,3,2026-09-06,2412.54
3928,996,80,4,2026-03-29,498.84
3929,460,64,1,2026-06-15,363.19
3930,401,94,2,2026-06-23,1131.32
3931,551,30,3,2026-05-16,167.97
3932,393,36,4,2026-05-18,3241.24
3933,867,67,3,2026-04-29,448.53
3934,764,86,1,2026-07-07,331.93
3935,845,86,2,2026-04-27,663.86
3936,207,49,1,2026-05-24,551.24
3937,210,76,4,2026-08-11,2926.88
3938,115,55,3,2026-03-20,1805.7599999999998
3939,737,85,1,2026-04-29,317.87
3940,646,56,4,2026-07-31,3690.64
3941,251,68,3,2026-04-16,2412.54
3942,219,95,2,2026-04-15,1546.52
3943,407,44,1,2026-05-21,910.23
3944,443,31,3,2026-04-06,1834.41
3945,603,58,3,2026-04-05,612.0600000000001
3946,354,87,3,2026-04-23,2196.93
3947,888,53,3,2026-05-26,2820.3
3948,558,84,1,2026-05-03,72.92
3949,550,79,3,2026-04-04,1094.6399999999999
3950,142,23,4,2026-04-04,1196.88
3951,612,28,1,2026-05-01,519.09
3952,501,16,3,2026-06-27,574.71
3953,840,37,1,2026-06-18,311.57
3954,702,21,4,2026-05-14,2462.92
3955,547,79,4,2026-04-29,1459.52
3956,659,17,1,2026-07-18,311.2
3957,542,37,3,2026-08-23,934.71
3958,846,77,3,2026-05-24,2320.68
3959,507,19,4,2026-06-28,1750.52
3960,596,30,3,2026-06-13,167.97
3961,881,45,4,2026-06-01,1064.76
3962,281,18,3,2026-07-10,1588.53
3963,424,78,4,2026-08-06,333.2
3964,856,62,2,2026-06-29,557.28
3965,270,36,3,2026-09-12,2430.93
3966,154,100,3,2026-09-14,350.43
3967,614,84,3,2026-05-04,218.76
3968,727,52,1,2026-08-11,777.38
3969,662,19,3,2026-06-18,1312.8899999999999
3970,944,44,1,2026-07-03,910.23
3971,83,7,1,2026-05-17,67.5
3972,622,44,4,2026-05-01,3640.92
3973,947,68,1,2026-09-12,804.18
3974,899,34,1,2026-03-22,949.4
3975,426,66,2,2026-05-12,1094.54
3976,275,69,3,2026-05-15,251.43
3977,713,55,1,2026-06-30,601.92
3978,284,10,3,2026-09-12,2132.9700000000003
3979,980,96,1,2026-05-27,498.86
3980,173,42,4,2026-07-02,2000.92
3981,327,41,2,2026-04-15,261.64
3982,718,77,1,2026-07-17,773.56
3983,63,69,3,2026-09-13,251.43
3984,73,10,4,2026-04-27,2843.96
3985,763,10,3,2026-06-11,2132.9700000000003
3986,636,91,4,2026-07-28,513.6
3987,375,60,2,2026-06-01,664.16
3988,633,51,4,2026-04-24,3879.56
3989,508,21,3,2026-05-26,1847.19
3990,787,8,3,2026-06-05,2602.5299999999997
3991,943,65,1,2026-07-13,288.13
3992,398,92,4,2026-08-04,2864.44
3993,120,78,3,2026-04-02,249.89999999999998
3994,934,85,1,2026-06-07,317.87
3995,437,30,2,2026-06-10,111.98
3996,829,85,3,2026-07-20,953.61
3997,676,49,1,2026-07-09,551.24
3998,936,9,3,2026-08-25,1815.3000000000002
3999,465,17,4,2026-05-29,1244.8
4000,286,69,1,2026-04-07,83.81
4001,265,58,4,2026-07-15,816.08
4002,320,57,2,2026-05-05,195.22
4003,673,62,4,2026-04-11,1114.56
4004,376,95,1,2026-03-21,773.26
4005,820,52,3,2026-03-23,2332.14
4006,89,61,1,2026-07-07,394.79
4007,654,40,4,2026-07-04,1783.0
4008,203,38,4,2026-04-01,426.8
4009,821,43,3,2026-05-01,132.12
4010,739,63,2,2026-07-08,1660.9
4011,955,19,1,2026-06-01,437.63
4012,334,100,3,2026-07-28,350.43
4013,222,50,3,2026-08-28,579.03
4014,41,33,3,2026-07-30,223.20000000000002
4015,708,13,1,2026-08-11,834.12
4016,68,78,1,2026-07-02,83.3
4017,988,97,1,2026-08-17,527.51
4018,776,62,2,2026-04-04,557.28
4019,514,93,3,2026-05-21,2289.54
4020,873,43,4,2026-04-09,176.16
4021,637,49,4,2026-05-22,2204.96
4022,622,36,3,2026-07-07,2430.93
4023,598,10,4,2026-03-19,2843.96
4024,937,95,2,2026-04-08,1546.52
4025,632,6,2,2026-05-12,328.86
4026,127,57,1,2026-07-28,97.61
4027,255,1,1,2026-06-24,380.79
4028,695,71,1,2026-09-10,774.52
4029,16,58,1,2026-08-07,204.02
4030,477,91,1,2026-09-02,128.4
4031,62,21,4,2026-05-01,2462.92
4032,881,92,4,2026-09-09,2864.44
4033,432,80,1,2026-07-29,124.71
4034,670,56,2,2026-08-19,1845.32
4035,268,87,4,2026-07-04,2929.24
4036,35,20,2,2026-07-08,596.64
4037,779,54,2,2026-08-13,1791.76
4038,576,25,3,2026-05-25,1384.53
4039,494,28,3,2026-09-12,1557.27
4040,562,5,1,2026-07-17,164.46
4041,469,21,2,2026-08-22,1231.46
4042,767,18,4,2026-08-07,2118.04
4043,661,47,3,2026-09-11,955.77
4044,325,70,3,2026-05-11,2961.06
4045,304,57,2,2026-07-21,195.22
4046,276,93,3,2026-06-19,2289.54
4047,869,19,3,2026-05-30,1312.8899999999999
4048,963,97,4,2026-06-27,2110.04
4049,684,65,2,2026-05-10,576.26
4050,929,3,3,2026-06-11,2204.0099999999998
4051,201,42,2,2026-05-19,1000.46
4052,445,21,3,2026-03-20,1847.19
4053,905,99,4,2026-09-06,140.64
4054,324,40,2,2026-06-22,891.5
4055,35,67,3,2026-08-25,448.53
4056,977,25,4,2026-08-08,1846.04
4057,482,55,3,2026-08-31,1805.7599999999998
4058,728,84,2,2026-07-08,145.84
4059,480,52,3,2026-06-06,2332.14
4060,65,44,2,2026-08-27,1820.46
4061,8,98,2,2026-04-28,866.54
4062,301,85,3,2026-05-17,953.61
4063,343,56,4,2026-07-30,3690.64
4064,431,55,1,2026-07-27,601.92
4065,424,87,4,2026-07-12,2929.24
4066,332,70,4,2026-06-09,3948.08
4067,438,77,3,2026-09-11,2320.68
4068,588,87,4,2026-08-14,2929.24
4069,174,73,4,2026-07-13,61.88
4070,559,81,1,2026-06-08,864.47
4071,527,66,4,2026-05-24,2189.08
4072,873,19,1,2026-07-13,437.63
4073,659,83,3,2026-09-06,1012.77
4074,26,7,1,2026-07-26,67.5
4075,820,63,2,2026-05-20,1660.9
4076,605,42,2,2026-08-21,1000.46
4077,406,42,1,2026-05-04,500.23
4078,232,59,2,2026-03-28,109.56
4079,533,20,3,2026-07-23,894.96
4080,819,73,2,2026-05-16,30.94
4081,550,17,1,2026-06-07,311.2
4082,788,27,3,2026-03-24,623.04
4083,505,47,2,2026-06-27,637.18
4084,669,2,3,2026-06-24,2853.63
4085,179,63,1,2026-08-05,830.45
4086,132,62,2,2026-04-06,557.28
4087,823,100,3,2026-09-04,350.43
4088,455,19,3,2026-04-27,1312.8899999999999
4089,348,17,2,2026-05-04,622.4
4090,540,69,3,2026-08-14,251.43
4091,772,39,3,2026-07-12,2062.17
4092,406,82,1,2026-05-14,627.07
4093,76,71,1,2026-04-04,774.52
4094,941,81,1,2026-06-30,864.47
4095,579,39,1,2026-07-26,687.39
4096,854,36,1,2026-06-14,810.31
4097,492,40,1,2026-09-01,445.75
4098,194,45,2,2026-03-28,532.38
4099,984,4,1,2026-07-21,602.67
4100,162,25,3,2026-08-17,1384.53
4101,347,69,2,2026-07-16,167.62
4102,951,30,3,2026-04-05,167.97
4103,361,76,1,2026-05-26,731.72
4104,769,68,1,2026-06-23,804.18
4105,584,88,3,2026-09-11,1923.54
4106,87,29,3,2026-08-03,1789.47
4107,934,73,3,2026-07-06,46.410000000000004
4108,262,68,4,2026-04-18,3216.72
4109,214,51,4,2026-08-15,3879.56
4110,665,24,4,2026-06-05,1490.8
4111,722,14,4,2026-07-14,880.88
4112,913,69,2,2026-09-12,167.62
4113,573,18,1,2026-09-04,529.51
4114,780,42,3,2026-04-19,1500.69
4115,262,57,1,2026-03-22,97.61
4116,730,83,3,2026-05-16,1012.77
4117,283,12,1,2026-03-22,970.21
4118,648,82,2,2026-04-15,1254.14
4119,467,17,4,2026-08-06,1244.8
4120,380,30,1,2026-06-11,55.99
4121,362,88,3,2026-08-23,1923.54
4122,449,75,1,2026-07-13,709.79
4123,441,99,2,2026-08-05,70.32
4124,93,23,2,2026-05-10,598.44
4125,621,81,1,2026-08-22,864.47
4126,753,1,4,2026-03-23,1523.16
4127,867,79,3,2026-04-09,1094.6399999999999
4128,424,32,2,2026-06-20,357.64
4129,142,9,2,2026-04-07,1210.2
4130,291,15,1,2026-08-30,190.01
4131,432,28,2,2026-08-30,1038.18
4132,749,24,2,2026-06-15,745.4
4133,852,60,3,2026-04-02,996.24
4134,824,35,4,2026-08-06,3863.92
4135,689,86,3,2026-03-19,995.79
4136,653,27,4,2026-04-30,830.72
4137,701,83,3,2026-08-18,1012.77
4138,998,76,1,2026-08-13,731.72
4139,49,20,2,2026-05-13,596.64
4140,302,65,4,2026-07-17,1152.52
4141,881,85,1,2026-06-25,317.87
4142,190,49,2,2026-04-25,1102.48
4143,136,1,2,2026-04-02,761.58
4144,555,10,2,2026-06-18,1421.98
4145,404,47,3,2026-05-25,955.77
4146,892,59,1,2026-07-27,54.78
4147,865,96,1,2026-09-09,498.86
4148,602,62,2,2026-03-22,557.28
4149,807,86,4,2026-06-10,1327.72
4150,341,18,1,2026-06-15,529.51
4151,757,46,3,2026-08-11,1997.6999999999998
4152,945,32,4,2026-07-12,715.28
4153,704,27,4,2026-09-04,830.72
4154,318,92,4,2026-05-13,2864.44
4155,618,18,4,2026-03-18,2118.04
4156,363,39,1,2026-05-25,687.39
4157,822,49,2,2026-04-24,1102.48
4158,382,93,4,2026-07-01,3052.72
4159,233,82,3,2026-04-29,1881.21
4160,777,44,3,2026-03-20,2730.69
4161,344,72,2,2026-05-12,413.46
4162,549,54,1,2026-07-28,895.88
4163,817,95,2,2026-04-22,1546.52
4164,553,34,4,2026-07-29,3797.6
4165,529,71,1,2026-04-28,774.52
4166,856,36,1,2026-06-17,810.31
4167,789,18,4,2026-06-24,2118.04
4168,819,38,3,2026-05-18,320.1
4169,571,59,4,2026-07-06,219.12
4170,935,9,2,2026-04-14,1210.2
4171,183,73,4,2026-04-26,61.88
4172,41,72,3,2026-08-04,620.1899999999999
4173,551,51,4,2026-08-28,3879.56
4174,397,35,2,2026-05-02,1931.96
4175,704,82,2,2026-08-06,1254.14
4176,779,5,3,2026-05-22,493.38
4177,494,14,2,2026-07-01,440.44
4178,659,92,2,2026-07-09,1432.22
4179,907,30,4,2026-04-29,223.96
4180,333,4,1,2026-06-13,602.67
4181,127,39,2,2026-05-21,1374.78
4182,558,84,2,2026-09-14,145.84
4183,557,64,3,2026-04-04,1089.57
4184,1,25,3,2026-05-08,1384.53
4185,168,28,4,2026-06-09,2076.36
4186,620,76,4,2026-07-29,2926.88
4187,19,66,2,2026-09-10,1094.54
4188,332,78,1,2026-04-09,83.3
4189,584,22,1,2026-06-13,148.1
4190,456,31,4,2026-04-09,2445.88
4191,957,23,3,2026-07-15,897.6600000000001
4192,109,48,2,2026-06-24,1049.74
4193,268,20,2,2026-08-29,596.64
4194,445,38,1,2026-03-30,106.7
4195,240,55,4,2026-04-30,2407.68
4196,929,68,1,2026-06-07,804.18
4197,301,79,1,2026-07-28,364.88
4198,602,88,4,2026-05-03,2564.72
4199,103,89,3,2026-03-24,2665.02
4200,988,1,2,2026-05-10,761.58
4201,250,7,3,2026-04-26,202.5
4202,453,57,4,2026-08-06,390.44
4203,520,95,4,2026-04-11,3093.04
4204,153,12,2,2026-07-04,1940.42
4205,859,5,3,2026-06-24,493.38
4206,174,50,2,2026-06-02,386.02
4207,343,42,1,2026-04-03,500.23
4208,670,12,1,2026-06-24,970.21
4209,431,18,1,2026-08-17,529.51
4210,727,66,3,2026-08-21,1641.81
4211,689,74,1,2026-05-04,817.31
4212,687,79,2,2026-03-30,729.76
4213,852,94,3,2026-08-28,1696.98
4214,850,17,2,2026-09-03,622.4
4215,658,68,4,2026-08-12,3216.72
4216,962,71,3,2026-07-31,2323.56
4217,324,62,2,2026-09-06,557.28
4218,990,41,2,2026-07-25,261.64
4219,673,95,3,2026-08-18,2319.7799999999997
4220,639,34,4,2026-05-13,3797.6
4221,420,70,3,2026-07-27,2961.06
4222,594,45,1,2026-08-20,266.19
4223,485,58,1,2026-09-06,204.02
4224,659,51,4,2026-04-21,3879.56
4225,751,34,2,2026-04-03,1898.8
4226,412,44,2,2026-06-07,1820.46
4227,936,15,2,2026-03-30,380.02
4228,84,78,3,2026-05-12,249.89999999999998
4229,113,70,3,2026-05-03,2961.06
4230,737,50,4,2026-04-08,772.04
4231,332,32,1,2026-03-19,178.82
4232,378,67,2,2026-04-16,299.02
4233,755,3,1,2026-07-11,734.67
4234,655,86,3,2026-09-02,995.79
4235,41,86,3,2026-06-13,995.79
4236,935,74,3,2026-07-20,2451.93
4237,770,51,1,2026-04-12,969.89
4238,959,67,4,2026-08-27,598.04
4239,797,76,4,2026-09-11,2926.88
4240,105,93,3,2026-07-23,2289.54
4241,202,48,2,2026-03-31,1049.74
4242,450,17,1,2026-05-12,311.2
4243,819,7,3,2026-08-25,202.5
4244,843,13,1,2026-05-18,834.12
4245,973,66,1,2026-04-04,547.27
4246,266,4,4,2026-08-30,2410.68
4247,910,10,3,2026-06-14,2132.9700000000003
4248,210,88,4,2026-04-25,2564.72
4249,563,17,3,2026-05-31,933.5999999999999
4250,118,52,1,2026-06-12,777.38
4251,713,6,4,2026-08-31,657.72
4252,377,83,1,2026-04-10,337.59
4253,551,69,3,2026-07-08,251.43
4254,540,96,2,2026-05-02,997.72
4255,771,74,4,2026-09-04,3269.24
4256,84,9,4,2026-08-27,2420.4
4257,454,91,1,2026-06-29,128.4
4258,667,77,1,2026-08-26,773.56
4259,629,83,2,2026-07-21,675.18
4260,514,21,4,2026-05-05,2462.92
4261,605,24,3,2026-08-21,1118.1
4262,678,4,3,2026-08-20,1808.0099999999998
4263,387,24,4,2026-07-17,1490.8
4264,912,59,4,2026-05-01,219.12
4265,350,99,4,2026-06-08,140.64
4266,296,3,2,2026-07-28,1469.34
4267,258,68,3,2026-07-27,2412.54
4268,81,40,3,2026-05-03,1337.25
4269,937,48,1,2026-03-30,524.87
4270,268,54,1,2026-07-13,895.88
4271,419,35,4,2026-04-22,3863.92
4272,235,95,1,2026-04-07,773.26
4273,833,56,2,2026-07-31,1845.32
4274,311,89,3,2026-04-25,2665.02
4275,813,40,3,2026-04-25,1337.25
4276,975,77,1,2026-05-31,773.56
4277,986,68,4,2026-08-18,3216.72
4278,357,46,1,2026-04-04,665.9
4279,213,78,4,2026-04-20,333.2
4280,574,13,2,2026-06-15,1668.24
4281,49,27,3,2026-03-26,623.04
4282,127,6,2,2026-05-20,328.86
4283,223,17,3,2026-03-19,933.5999999999999
4284,921,36,2,2026-03-28,1620.62
4285,279,99,1,2026-05-28,35.16
4286,408,81,2,2026-08-19,1728.94
4287,505,2,2,2026-08-03,1902.42
4288,294,77,1,2026-07-30,773.56
4289,796,52,3,2026-04-27,2332.14
4290,277,66,3,2026-06-04,1641.81
4291,438,52,1,2026-05-08,777.38
4292,107,92,2,2026-06-20,1432.22
4293,658,43,2,2026-03-30,88.08
4294,420,90,2,2026-08-05,954.98
4295,611,22,4,2026-05-01,592.4
4296,429,55,3,2026-04-14,1805.7599999999998
4297,375,67,2,2026-05-24,299.02
4298,73,99,3,2026-06-16,105.47999999999999
4299,949,60,2,2026-06-26,664.16
4300,998,58,1,2026-04-27,204.02
4301,634,12,1,2026-06-23,970.21
4302,30,88,3,2026-06-11,1923.54
4303,188,69,3,2026-06-01,251.43
4304,364,84,1,2026-04-05,72.92
4305,866,39,4,2026-05-27,2749.56
4306,800,13,1,2026-06-24,834.12
4307,451,41,2,2026-04-12,261.64
4308,195,57,4,2026-07-15,390.44
4309,156,53,1,2026-04-23,940.1
4310,172,12,4,2026-04-28,3880.84
4311,847,13,4,2026-07-22,3336.48
4312,41,74,4,2026-06-10,3269.24
4313,63,97,3,2026-04-27,1582.53
4314,23,57,1,2026-07-11,97.61
4315,360,40,3,2026-06-14,1337.25
4316,75,80,3,2026-05-22,374.13
4317,560,45,2,2026-05-23,532.38
4318,672,35,2,2026-06-05,1931.96
4319,825,3,4,2026-09-14,2938.68
4320,118,5,4,2026-09-06,657.84
4321,612,90,2,2026-07-04,954.98
4322,380,11,2,2026-04-15,60.76
4323,929,71,1,2026-09-10,774.52
4324,920,56,4,2026-05-05,3690.64
4325,679,10,4,2026-08-11,2843.96
4326,290,34,2,2026-06-29,1898.8
4327,440,67,1,2026-09-13,149.51
4328,668,72,2,2026-06-30,413.46
4329,933,31,2,2026-07-20,1222.94
4330,7,75,3,2026-07-22,2129.37
4331,196,71,4,2026-06-26,3098.08
4332,421,66,1,2026-09-09,547.27
4333,568,70,3,2026-03-22,2961.06
4334,833,41,4,2026-07-06,523.28
4335,193,63,2,2026-04-26,1660.9
4336,559,32,1,2026-05-07,178.82
4337,148,20,4,2026-04-25,1193.28
4338,787,57,2,2026-04-21,195.22
4339,669,98,3,2026-04-21,1299.81
4340,202,50,1,2026-08-06,193.01
4341,444,80,4,2026-08-21,498.84
4342,914,25,3,2026-09-05,1384.53
4343,988,12,2,2026-05-20,1940.42
4344,419,71,2,2026-06-15,1549.04
4345,427,39,4,2026-08-06,2749.56
4346,479,17,2,2026-08-10,622.4
4347,475,45,1,2026-07-09,266.19
4348,126,11,4,2026-06-13,121.52
4349,395,70,3,2026-04-18,2961.06
4350,817,23,4,2026-07-13,1196.88
4351,881,91,4,2026-07-17,513.6
4352,806,70,3,2026-07-11,2961.06
4353,576,38,2,2026-06-30,213.4
4354,325,2,3,2026-08-22,2853.63
4355,392,86,1,2026-04-21,331.93
4356,930,84,2,2026-06-04,145.84
4357,688,89,4,2026-04-22,3553.36
4358,628,79,2,2026-07-21,729.76
4359,440,93,2,2026-08-26,1526.36
4360,204,72,1,2026-06-23,206.73
4361,486,37,2,2026-05-14,623.14
4362,833,49,2,2026-08-01,1102.48
4363,31,52,2,2026-05-13,1554.76
4364,388,33,4,2026-03-22,297.6
4365,625,22,2,2026-03-19,296.2
4366,877,5,3,2026-04-20,493.38
4367,434,18,2,2026-08-21,1059.02
4368,837,38,1,2026-04-15,106.7
4369,926,37,2,2026-04-03,623.14
4370,376,94,2,2026-06-30,1131.32
4371,344,95,4,2026-09-05,3093.04
4372,443,64,3,2026-04-20,1089.57
4373,579,10,2,2026-06-09,1421.98
4374,75,79,3,2026-08-25,1094.6399999999999
4375,557,42,1,2026-08-31,500.23
4376,772,48,4,2026-06-21,2099.48
4377,666,44,3,2026-06-17,2730.69
4378,155,82,4,2026-05-26,2508.28
4379,430,87,2,2026-05-31,1464.62
4380,363,97,1,2026-08-15,527.51
4381,448,16,4,2026-07-18,766.28
4382,987,54,2,2026-03-31,1791.76
4383,234,35,3,2026-04-13,2897.94
4384,563,98,1,2026-09-12,433.27
4385,818,28,1,2026-04-05,519.09
4386,262,2,3,2026-04-06,2853.63
4387,827,94,3,2026-06-09,1696.98
4388,125,13,1,2026-09-01,834.12
4389,911,41,4,2026-06-28,523.28
4390,245,80,1,2026-05-03,124.71
4391,542,59,3,2026-09-04,164.34
4392,938,69,4,2026-06-25,335.24
4393,485,92,2,2026-04-29,1432.22
4394,122,53,1,2026-04-23,940.1
4395,125,45,3,2026-08-07,798.5699999999999
4396,549,20,2,2026-06-23,596.64
4397,170,24,1,2026-05-09,372.7
4398,124,61,1,2026-03-20,394.79
4399,869,91,4,2026-07-20,513.6
4400,35,94,3,2026-08-06,1696.98
4401,87,58,2,2026-09-02,408.04
4402,646,27,1,2026-03-26,207.68
4403,708,26,4,2026-06-06,3149.28
4404,786,7,2,2026-05-23,135.0
4405,201,42,2,2026-04-15,1000.46
4406,369,47,1,2026-04-20,318.59
4407,797,53,2,2026-05-08,1880.2
4408,77,59,1,2026-08-22,54.78
4409,59,38,4,2026-07-20,426.8
4410,431,69,4,2026-05-27,335.24
4411,638,87,2,2026-07-02,1464.62
4412,500,92,1,2026-06-06,716.11
4413,913,98,3,2026-08-08,1299.81
4414,109,53,4,2026-08-12,3760.4
4415,736,15,1,2026-06-20,190.01
4416,278,96,1,2026-08-24,498.86
4417,68,26,1,2026-05-16,787.32
4418,69,48,2,2026-04-21,1049.74
4419,165,95,3,2026-09-02,2319.7799999999997
4420,489,19,2,2026-04-27,875.26
4421,305,9,4,2026-06-04,2420.4
4422,909,64,2,2026-07-09,726.38
4423,674,93,1,2026-08-24,763.18
4424,365,54,2,2026-06-04,1791.76
4425,854,51,1,2026-05-09,969.89
4426,821,39,3,2026-05-26,2062.17
4427,379,4,2,2026-03-20,1205.34
4428,343,3,2,2026-08-12,1469.34
4429,947,64,2,2026-08-11,726.38
4430,899,29,1,2026-05-14,596.49
4431,554,11,1,2026-04-24,30.38
4432,354,97,2,2026-07-26,1055.02
4433,416,58,2,2026-05-13,408.04
4434,109,75,3,2026-06-05,2129.37
4435,563,27,3,2026-04-01,623.04
4436,762,97,4,2026-04-21,2110.04
4437,497,21,3,2026-07-26,1847.19
4438,341,39,3,2026-04-24,2062.17
4439,942,95,3,2026-04-10,2319.7799999999997
4440,383,46,1,2026-05-03,665.9
4441,533,66,3,2026-07-13,1641.81
4442,300,91,3,2026-07-14,385.20000000000005
4443,139,36,2,2026-08-27,1620.62
4444,359,75,1,2026-07-08,709.79
4445,836,82,4,2026-05-27,2508.28
4446,499,65,4,2026-06-24,1152.52
4447,385,63,3,2026-03-23,2491.3500000000004
4448,604,99,4,2026-04-20,140.64
4449,959,35,4,2026-08-23,3863.92
4450,280,31,4,2026-08-17,2445.88
4451,637,28,3,2026-03-27,1557.27
4452,483,1,4,2026-06-01,1523.16
4453,909,25,3,2026-05-29,1384.53
4454,111,43,2,2026-06-13,88.08
4455,866,84,2,2026-06-17,145.84
4456,139,67,4,2026-07-28,598.04
4457,996,63,2,2026-06-24,1660.9
4458,435,51,3,2026-06-18,2909.67
4459,509,2,2,2026-04-15,1902.42
4460,273,82,4,2026-03-31,2508.28
4461,99,64,3,2026-09-08,1089.57
4462,764,74,1,2026-06-28,817.31
4463,850,69,3,2026-08-02,251.43
4464,104,9,2,2026-06-17,1210.2
4465,214,2,1,2026-04-10,951.21
4466,761,34,3,2026-05-24,2848.2
4467,664,60,1,2026-04-08,332.08
4468,762,61,1,2026-08-08,394.79
4469,787,31,1,2026-05-25,611.47
4470,165,10,3,2026-09-03,2132.9700000000003
4471,999,76,2,2026-07-17,1463.44
4472,853,36,3,2026-07-25,2430.93
4473,520,85,2,2026-03-23,635.74
4474,284,49,3,2026-06-11,1653.72
4475,517,70,3,2026-08-06,2961.06
4476,657,49,3,2026-08-24,1653.72
4477,613,3,2,2026-08-17,1469.34
4478,164,74,3,2026-09-01,2451.93
4479,886,5,1,2026-07-14,164.46
4480,659,90,3,2026-04-09,1432.47
4481,64,61,1,2026-08-08,394.79
4482,91,85,4,2026-07-03,1271.48
4483,117,90,4,2026-09-11,1909.96
4484,866,26,2,2026-06-19,1574.64
4485,267,72,2,2026-03-21,413.46
4486,822,5,4,2026-08-17,657.84
4487,685,15,3,2026-06-28,570.03
4488,559,16,3,2026-05-22,574.71
4489,140,1,3,2026-05-17,1142.3700000000001
4490,246,16,4,2026-09-09,766.28
4491,661,37,1,2026-06-22,311.57
4492,758,3,2,2026-07-23,1469.34
4493,395,52,1,2026-04-30,777.38
4494,487,47,4,2026-07-22,1274.36
4495,476,95,1,2026-07-24,773.26
4496,517,13,3,2026-04-28,2502.36
4497,977,80,3,2026-05-04,374.13
4498,184,55,1,2026-07-10,601.92
4499,20,21,4,2026-04-27,2462.92
4500,937,66,1,2026-05-14,547.27
4501,558,54,3,2026-04-08,2687.64
4502,524,27,3,2026-08-09,623.04
4503,582,38,4,2026-03-21,426.8
4504,529,90,1,2026-03-20,477.49
4505,883,58,3,2026-03-27,612.0600000000001
4506,147,62,3,2026-09-10,835.92
4507,666,46,1,2026-06-10,665.9
4508,304,89,1,2026-04-18,888.34
4509,620,11,2,2026-03-29,60.76
4510,748,72,4,2026-05-03,826.92
4511,820,8,4,2026-09-03,3470.04
4512,864,97,1,2026-07-11,527.51
4513,582,71,4,2026-08-02,3098.08
4514,695,64,3,2026-08-30,1089.57
4515,762,21,1,2026-07-04,615.73
4516,228,72,1,2026-07-25,206.73
4517,102,63,1,2026-03-20,830.45
4518,587,85,2,2026-04-09,635.74
4519,417,64,4,2026-07-07,1452.76
4520,958,20,2,2026-09-01,596.64
4521,216,8,3,2026-05-18,2602.5299999999997
4522,407,58,4,2026-03-31,816.08
4523,399,46,2,2026-09-12,1331.8
4524,923,31,1,2026-08-28,611.47
4525,715,93,2,2026-06-07,1526.36
4526,704,9,1,2026-03-29,605.1
4527,761,15,2,2026-07-07,380.02
4528,499,94,2,2026-03-29,1131.32
4529,754,26,2,2026-03-30,1574.64
4530,465,10,1,2026-06-14,710.99
4531,691,29,2,2026-08-18,1192.98
4532,949,80,4,2026-09-10,498.84
4533,974,36,4,2026-07-02,3241.24
4534,731,84,4,2026-04-01,291.68
4535,82,37,1,2026-06-08,311.57
4536,604,86,1,2026-07-17,331.93
4537,947,71,4,2026-06-09,3098.08
4538,687,23,4,2026-05-07,1196.88
4539,751,41,4,2026-08-20,523.28
4540,772,93,3,2026-06-26,2289.54
4541,903,80,4,2026-05-13,498.84
4542,365,28,2,2026-04-15,1038.18
4543,163,48,3,2026-05-01,1574.6100000000001
4544,48,38,3,2026-08-23,320.1
4545,511,31,1,2026-07-29,611.47
4546,329,14,2,2026-07-26,440.44
4547,840,97,1,2026-05-09,527.51
4548,116,73,1,2026-05-20,15.47
4549,941,91,2,2026-04-24,256.8
4550,849,88,1,2026-09-09,641.18
4551,337,77,2,2026-09-04,1547.12
4552,881,90,2,2026-07-13,954.98
4553,737,29,1,2026-05-02,596.49
4554,864,51,4,2026-06-28,3879.56
4555,840,49,1,2026-06-21,551.24
4556,147,43,3,2026-05-12,132.12
4557,575,92,1,2026-06-06,716.11
4558,806,92,2,2026-08-05,1432.22
4559,323,72,3,2026-09-10,620.1899999999999
4560,443,87,2,2026-06-18,1464.62
4561,837,93,4,2026-03-23,3052.72
4562,13,5,4,2026-06-16,657.84
4563,943,42,3,2026-06-16,1500.69
4564,494,7,4,2026-04-07,270.0
4565,701,42,4,2026-06-29,2000.92
4566,287,36,1,2026-07-16,810.31
4567,720,27,1,2026-05-09,207.68
4568,114,58,4,2026-07-06,816.08
4569,480,46,4,2026-08-30,2663.6
4570,22,66,1,2026-04-07,547.27
4571,349,25,4,2026-07-11,1846.04
4572,726,73,4,2026-06-07,61.88
4573,683,27,2,2026-09-07,415.36
4574,835,1,4,2026-04-25,1523.16
4575,566,87,3,2026-07-05,2196.93
4576,906,74,2,2026-07-19,1634.62
4577,810,42,3,2026-08-07,1500.69
4578,320,52,4,2026-06-19,3109.52
4579,126,25,1,2026-06-06,461.51
4580,277,54,2,2026-03-30,1791.76
4581,976,67,1,2026-08-10,149.51
4582,204,6,2,2026-08-23,328.86
4583,194,58,1,2026-06-09,204.02
4584,681,70,2,2026-05-04,1974.04
4585,664,53,2,2026-03-25,1880.2
4586,547,66,3,2026-04-11,1641.81
4587,696,58,1,2026-04-07,204.02
4588,286,82,3,2026-03-23,1881.21
4589,57,87,3,2026-07-18,2196.93
4590,734,2,1,2026-05-31,951.21
4591,303,76,2,2026-07-15,1463.44
4592,163,22,3,2026-04-21,444.29999999999995
4593,19,37,1,2026-08-06,311.57
4594,370,20,2,2026-05-28,596.64
4595,264,24,3,2026-06-27,1118.1
4596,794,84,3,2026-04-13,218.76
4597,113,65,3,2026-06-22,864.39
4598,488,65,2,2026-05-23,576.26
4599,327,81,3,2026-04-29,2593.41
4600,542,1,2,2026-08-12,761.58
4601,647,94,4,2026-07-24,2262.64
4602,579,3,3,2026-03-31,2204.0099999999998
4603,65,46,4,2026-08-10,2663.6
4604,292,55,1,2026-04-19,601.92
4605,25,75,3,2026-04-29,2129.37
4606,549,88,1,2026-03-23,641.18
4607,1,86,1,2026-07-25,331.93
4608,911,64,1,2026-08-10,363.19
4609,549,45,4,2026-06-27,1064.76
4610,141,26,2,2026-03-22,1574.64
4611,744,77,4,2026-03-18,3094.24
4612,648,65,4,2026-05-03,1152.52
4613,901,24,1,2026-08-11,372.7
4614,188,74,3,2026-05-27,2451.93
4615,128,35,2,2026-08-08,1931.96
4616,201,24,1,2026-03-31,372.7
4617,127,28,2,2026-04-23,1038.18
4618,257,100,4,2026-08-05,467.24
4619,676,80,2,2026-06-25,249.42
4620,547,16,2,2026-08-28,383.14
4621,194,59,3,2026-04-25,164.34
4622,703,81,1,2026-05-01,864.47
4623,104,54,2,2026-08-15,1791.76
4624,535,79,2,2026-07-29,729.76
4625,265,16,4,2026-06-25,766.28
4626,802,15,4,2026-08-08,760.04
4627,942,98,2,2026-09-07,866.54
4628,974,11,1,2026-06-25,30.38
4629,384,65,2,2026-06-01,576.26
4630,260,79,2,2026-06-01,729.76
4631,414,90,3,2026-06-29,1432.47
4632,991,68,1,2026-05-24,804.18
4633,358,43,3,2026-04-04,132.12
4634,75,69,1,2026-07-06,83.81
4635,355,99,1,2026-08-07,35.16
4636,584,13,1,2026-07-28,834.12
4637,771,10,3,2026-08-18,2132.9700000000003
4638,910,75,3,2026-08-12,2129.37
4639,188,82,3,2026-07-29,1881.21
4640,973,98,4,2026-09-08,1733.08
4641,685,41,3,2026-04-11,392.46
4642,992,50,4,2026-04-10,772.04
4643,290,87,4,2026-07-08,2929.24
4644,45,71,4,2026-04-12,3098.08
4645,573,59,2,2026-04-22,109.56
4646,83,39,2,2026-04-11,1374.78
4647,123,3,2,2026-07-17,1469.34
4648,358,76,4,2026-04-15,2926.88
4649,528,7,4,2026-07-17,270.0
4650,66,49,1,2026-07-17,551.24
4651,936,26,4,2026-03-23,3149.28
4652,657,33,2,2026-09-08,148.8
4653,375,48,4,2026-06-15,2099.48
4654,162,79,4,2026-08-25,1459.52
4655,746,2,1,2026-03-22,951.21
4656,380,71,4,2026-05-15,3098.08
4657,656,32,3,2026-08-11,536.46
4658,358,4,1,2026-05-09,602.67
4659,188,20,4,2026-04-13,1193.28
4660,322,36,4,2026-05-17,3241.24
4661,450,32,1,2026-04-01,178.82
4662,474,28,4,2026-06-11,2076.36
4663,13,77,2,2026-07-29,1547.12
4664,184,1,3,2026-06-07,1142.3700000000001
4665,111,60,3,2026-05-12,996.24
4666,927,56,2,2026-05-16,1845.32
4667,508,35,4,2026-08-10,3863.92
4668,290,30,4,2026-08-04,223.96
4669,295,54,3,2026-07-27,2687.64
4670,451,36,4,2026-07-19,3241.24
4671,904,55,3,2026-09-06,1805.7599999999998
4672,215,89,3,2026-06-02,2665.02
4673,974,80,2,2026-09-11,249.42
4674,632,58,3,2026-07-07,612.0600000000001
4675,894,83,4,2026-06-01,1350.36
4676,567,65,4,2026-07-20,1152.52
4677,27,69,1,2026-03-27,83.81
4678,630,51,4,2026-07-25,3879.56
4679,733,22,1,2026-07-24,148.1
4680,231,88,3,2026-08-29,1923.54
4681,565,53,4,2026-07-31,3760.4
4682,807,100,2,2026-05-25,233.62
4683,321,36,2,2026-04-10,1620.62
4684,913,68,2,2026-05-12,1608.36
4685,233,36,3,2026-03-22,2430.93
4686,670,52,3,2026-06-23,2332.14
4687,437,53,1,2026-05-20,940.1
4688,781,82,2,2026-07-13,1254.14
4689,533,50,1,2026-05-28,193.01
4690,403,80,1,2026-06-03,124.71
4691,53,41,4,2026-09-04,523.28
4692,787,18,4,2026-04-12,2118.04
4693,313,22,2,2026-06-09,296.2
4694,281,66,3,2026-06-26,1641.81
4695,726,21,4,2026-06-06,2462.92
4696,31,100,3,2026-04-11,350.43
4697,337,44,1,2026-04-21,910.23
4698,183,47,1,2026-04-15,318.59
4699,23,39,1,2026-04-30,687.39
4700,544,29,1,2026-05-03,596.49
4701,446,54,2,2026-04-03,1791.76
4702,74,90,1,2026-03-18,477.49
4703,10,85,4,2026-09-05,1271.48
4704,484,17,1,2026-05-04,311.2
4705,456,80,3,2026-08-18,374.13
4706,566,60,4,2026-05-22,1328.32
4707,564,31,3,2026-05-21,1834.41
4708,660,73,3,2026-09-04,46.410000000000004
4709,160,95,2,2026-07-14,1546.52
4710,882,78,2,2026-05-05,166.6
4711,14,49,3,2026-04-30,1653.72
4712,178,2,3,2026-06-05,2853.63
4713,412,48,1,2026-09-04,524.87
4714,878,14,4,2026-04-25,880.88
4715,53,59,1,2026-06-07,54.78
4716,408,97,2,2026-05-05,1055.02
4717,847,99,2,2026-04-06,70.32
4718,22,58,1,2026-09-02,204.02
4719,30,58,4,2026-07-28,816.08
4720,703,51,3,2026-07-02,2909.67
4721,260,84,1,2026-05-25,72.92
4722,205,2,2,2026-06-05,1902.42
4723,59,41,4,2026-06-29,523.28
4724,471,83,2,2026-07-03,675.18
4725,776,82,4,2026-05-19,2508.28
4726,466,16,4,2026-08-03,766.28
4727,12,4,4,2026-05-29,2410.68
4728,631,12,1,2026-07-01,970.21
4729,927,29,1,2026-04-11,596.49
4730,974,7,1,2026-09-01,67.5
4731,290,14,4,2026-03-22,880.88
4732,850,12,4,2026-05-05,3880.84
4733,760,99,2,2026-08-09,70.32
4734,354,5,3,2026-05-19,493.38
4735,639,81,1,2026-04-02,864.47
4736,75,32,4,2026-05-22,715.28
4737,873,74,2,2026-08-22,1634.62
4738,716,43,2,2026-05-09,88.08
4739,561,81,2,2026-08-17,1728.94
4740,591,69,1,2026-07-30,83.81
4741,441,45,1,2026-04-18,266.19
4742,991,9,3,2026-03-20,1815.3000000000002
4743,241,49,2,2026-04-28,1102.48
4744,861,33,1,2026-08-11,74.4
4745,154,100,2,2026-06-06,233.62
4746,786,100,4,2026-06-01,467.24
4747,96,18,2,2026-06-24,1059.02
4748,726,9,3,2026-05-22,1815.3000000000002
4749,294,62,1,2026-09-08,278.64
4750,209,57,4,2026-07-31,390.44
4751,343,29,1,2026-05-21,596.49
4752,88,78,4,2026-04-16,333.2
4753,818,25,2,2026-07-25,923.02
4754,776,15,2,2026-05-21,380.02
4755,937,6,3,2026-08-22,493.29
4756,390,42,3,2026-07-12,1500.69
4757,325,29,4,2026-06-24,2385.96
4758,940,79,3,2026-03-21,1094.6399999999999
4759,889,93,3,2026-04-01,2289.54
4760,832,4,3,2026-08-04,1808.0099999999998
4761,157,82,3,2026-08-14,1881.21
4762,668,57,2,2026-08-22,195.22
4763,651,49,3,2026-08-16,1653.72
4764,633,44,2,2026-03-18,1820.46
4765,577,80,2,2026-05-22,249.42
4766,619,75,1,2026-04-05,709.79
4767,659,14,2,2026-06-14,440.44
4768,137,3,2,2026-08-24,1469.34
4769,923,62,3,2026-05-03,835.92
4770,674,64,2,2026-06-08,726.38
4771,428,45,4,2026-05-07,1064.76
4772,452,82,3,2026-04-11,1881.21
4773,612,58,3,2026-08-05,612.0600000000001
4774,850,20,3,2026-06-10,894.96
4775,911,58,1,2026-04-27,204.02
4776,819,89,3,2026-06-09,2665.02
4777,141,57,2,2026-09-03,195.22
4778,83,77,4,2026-08-02,3094.24
4779,177,68,3,2026-06-21,2412.54
4780,198,78,3,2026-04-23,249.89999999999998
4781,624,97,4,2026-03-30,2110.04
4782,568,92,3,2026-08-07,2148.33
4783,972,52,1,2026-08-04,777.38
4784,691,37,2,2026-08-08,623.14
4785,421,8,4,2026-07-31,3470.04
4786,401,44,4,2026-09-01,3640.92
4787,698,98,1,2026-05-30,433.27
4788,471,5,2,2026-06-28,328.92
4789,218,69,1,2026-06-27,83.81
4790,925,31,2,2026-05-23,1222.94
4791,929,45,1,2026-07-03,266.19
4792,828,9,3,2026-04-07,1815.3000000000002
4793,987,32,1,2026-07-30,178.82
4794,729,33,4,2026-08-15,297.6
4795,632,67,4,2026-08-12,598.04
4796,951,30,4,2026-07-25,223.96
4797,906,76,1,2026-09-14,731.72
4798,175,29,4,2026-04-08,2385.96
4799,23,3,4,2026-07-12,2938.68
4800,725,90,3,2026-09-11,1432.47
4801,917,57,3,2026-05-20,292.83
4802,235,30,2,2026-05-10,111.98
4803,13,9,2,2026-05-10,1210.2
4804,101,26,2,2026-04-28,1574.64
4805,929,2,1,2026-09-13,951.21
4806,536,62,2,2026-04-12,557.28
4807,876,3,1,2026-05-11,734.67
4808,523,46,1,2026-07-16,665.9
4809,785,68,2,2026-07-21,1608.36
4810,452,25,2,2026-04-17,923.02
4811,431,51,1,2026-03-30,969.89
4812,793,13,3,2026-05-16,2502.36
4813,606,44,4,2026-05-21,3640.92
4814,713,35,4,2026-06-02,3863.92
4815,533,55,4,2026-05-24,2407.68
4816,852,87,3,2026-08-25,2196.93
4817,979,9,1,2026-04-14,605.1
4818,723,2,2,2026-04-14,1902.42
4819,652,61,1,2026-09-13,394.79
4820,293,41,1,2026-07-14,130.82
4821,810,44,2,2026-04-27,1820.46
4822,913,64,3,2026-07-05,1089.57
4823,101,31,4,2026-04-09,2445.88
4824,502,47,4,2026-04-07,1274.36
4825,304,2,1,2026-04-25,951.21
4826,871,96,3,2026-07-23,1496.58
4827,540,82,4,2026-09-02,2508.28
4828,553,77,3,2026-07-29,2320.68
4829,355,69,2,2026-08-08,167.62
4830,303,58,1,2026-08-31,204.02
4831,496,44,1,2026-03-31,910.23
4832,658,74,3,2026-06-17,2451.93
4833,768,56,4,2026-09-05,3690.64
4834,974,43,3,2026-08-08,132.12
4835,227,89,2,2026-09-06,1776.68
4836,236,34,4,2026-03-28,3797.6
4837,873,30,4,2026-04-20,223.96
4838,892,71,3,2026-04-13,2323.56
4839,455,70,2,2026-06-30,1974.04
4840,13,55,4,2026-06-22,2407.68
4841,210,67,1,2026-08-23,149.51
4842,741,13,2,2026-09-02,1668.24
4843,397,3,4,2026-08-18,2938.68
4844,100,26,3,2026-05-31,2361.96
4845,31,57,4,2026-07-31,390.44
4846,898,24,1,2026-08-04,372.7
4847,528,53,2,2026-03-26,1880.2
4848,649,70,4,2026-07-04,3948.08
4849,329,43,1,2026-04-11,44.04
4850,166,60,4,2026-03-29,1328.32
4851,459,58,4,2026-03-21,816.08
4852,822,49,2,2026-03-19,1102.48
4853,952,42,3,2026-04-15,1500.69
4854,982,76,3,2026-04-21,2195.16
4855,993,100,1,2026-04-24,116.81
4856,100,66,1,2026-07-31,547.27
4857,621,11,1,2026-05-21,30.38
4858,855,98,2,2026-04-19,866.54
4859,173,90,3,2026-06-14,1432.47
4860,749,18,1,2026-09-05,529.51
4861,162,85,1,2026-08-22,317.87
4862,905,100,4,2026-06-30,467.24
4863,728,52,4,2026-06-24,3109.52
4864,776,46,1,2026-06-12,665.9
4865,263,44,4,2026-06-09,3640.92
4866,804,22,4,2026-08-28,592.4
4867,274,53,4,2026-05-28,3760.4
4868,3,59,2,2026-04-27,109.56
4869,28,94,1,2026-08-29,565.66
4870,326,30,1,2026-07-02,55.99
4871,940,8,4,2026-05-17,3470.04
4872,149,98,2,2026-08-11,866.54
4873,540,57,4,2026-08-14,390.44
4874,488,73,2,2026-03-21,30.94
4875,822,20,1,2026-07-06,298.32
4876,438,25,4,2026-06-22,1846.04
4877,65,19,1,2026-05-03,437.63
4878,356,5,2,2026-06-01,328.92
4879,533,75,3,2026-05-03,2129.37
4880,252,79,2,2026-07-23,729.76
4881,235,72,3,2026-03-20,620.1899999999999
4882,227,83,1,2026-07-23,337.59
4883,525,87,1,2026-04-11,732.31
4884,313,27,4,2026-08-31,830.72
4885,49,40,3,2026-08-18,1337.25
4886,118,96,2,2026-04-21,997.72
4887,54,26,1,2026-04-06,787.32
4888,650,27,3,2026-05-02,623.04
4889,565,62,2,2026-08-23,557.28
4890,44,83,3,2026-05-14,1012.77
4891,815,50,2,2026-03-22,386.02
4892,53,42,2,2026-04-13,1000.46
4893,586,29,2,2026-03-18,1192.98
4894,558,39,2,2026-07-03,1374.78
4895,525,60,3,2026-05-28,996.24
4896,677,41,3,2026-04-12,392.46
4897,102,33,4,2026-06-25,297.6
4898,792,83,3,2026-07-10,1012.77
4899,770,83,3,2026-05-03,1012.77
4900,982,97,4,2026-04-20,2110.04
4901,849,16,3,2026-04-08,574.71
4902,868,23,2,2026-06-16,598.44
4903,398,7,1,2026-08-12,67.5
4904,138,26,1,2026-04-10,787.32
4905,675,96,4,2026-04-23,1995.44
4906,921,12,3,2026-05-10,2910.63
4907,387,72,3,2026-05-04,620.1899999999999
4908,111,5,4,2026-04-06,657.84
4909,614,92,1,2026-05-10,716.11
4910,17,69,2,2026-05-11,167.62
4911,780,49,3,2026-07-30,1653.72
4912,182,26,4,2026-04-11,3149.28
4913,884,5,2,2026-07-17,328.92
4914,536,22,4,2026-07-02,592.4
4915,541,79,4,2026-07-27,1459.52
4916,171,13,4,2026-09-14,3336.48
4917,409,28,1,2026-08-15,519.09
4918,740,33,1,2026-09-08,74.4
4919,378,23,4,2026-05-18,1196.88
4920,188,97,3,2026-04-07,1582.53
4921,858,18,2,2026-08-15,1059.02
4922,230,30,3,2026-07-23,167.97
4923,833,26,1,2026-04-10,787.32
4924,852,16,2,2026-05-31,383.14
4925,119,77,4,2026-06-01,3094.24
4926,156,39,3,2026-09-03,2062.17
4927,784,33,3,2026-06-21,223.20000000000002
4928,687,26,4,2026-06-17,3149.28
4929,465,48,3,2026-04-24,1574.6100000000001
4930,104,65,1,2026-04-04,288.13
4931,604,38,4,2026-07-22,426.8
4932,698,2,3,2026-09-12,2853.63
4933,972,6,4,2026-04-04,657.72
4934,795,46,2,2026-07-25,1331.8
4935,502,50,4,2026-03-22,772.04
4936,693,38,3,2026-07-04,320.1
4937,682,88,1,2026-07-11,641.18
4938,699,18,4,2026-08-28,2118.04
4939,175,27,4,2026-06-28,830.72
4940,734,41,3,2026-06-30,392.46
4941,745,72,1,2026-05-08,206.73
4942,674,92,1,2026-04-27,716.11
4943,421,74,2,2026-06-24,1634.62
4944,134,17,2,2026-09-13,622.4
4945,391,62,3,2026-08-16,835.92
4946,992,29,1,2026-03-23,596.49
4947,736,58,1,2026-06-21,204.02
4948,501,70,2,2026-06-19,1974.04
4949,665,78,2,2026-06-05,166.6
4950,33,22,3,2026-04-22,444.29999999999995
4951,55,6,1,2026-04-10,164.43
4952,954,26,4,2026-09-07,3149.28
4953,519,39,2,2026-08-01,1374.78
4954,756,12,3,2026-07-27,2910.63
4955,825,99,1,2026-06-22,35.16
4956,638,14,1,2026-06-20,220.22
4957,12,22,2,2026-03-26,296.2
4958,528,51,3,2026-05-15,2909.67
4959,720,23,4,2026-05-16,1196.88
4960,555,48,2,2026-09-05,1049.74
4961,373,71,3,2026-04-02,2323.56
4962,484,50,1,2026-08-11,193.01
4963,973,89,4,2026-05-14,3553.36
4964,647,13,3,2026-08-06,2502.36
4965,228,85,4,2026-04-07,1271.48
4966,623,10,3,2026-05-20,2132.9700000000003
4967,307,55,3,2026-04-30,1805.7599999999998
4968,457,9,3,2026-06-21,1815.3000000000002
4969,160,79,3,2026-05-19,1094.6399999999999
4970,331,52,4,2026-06-01,3109.52
4971,776,2,2,2026-08-31,1902.42
4972,225,25,4,2026-05-04,1846.04
4973,983,13,3,2026-06-30,2502.36
4974,729,98,4,2026-04-23,1733.08
4975,504,51,4,2026-03-25,3879.56
4976,456,58,4,2026-06-26,816.08
4977,45,34,3,2026-04-25,2848.2
4978,214,35,4,2026-04-30,3863.92
4979,59,3,1,2026-09-10,734.67
4980,644,59,3,2026-07-23,164.34
4981,616,70,4,2026-04-20,3948.08
4982,195,48,1,2026-03-23,524.87
4983,925,64,4,2026-06-22,1452.76
4984,489,19,2,2026-06-16,875.26
4985,157,67,4,2026-08-29,598.04
4986,610,82,4,2026-08-07,2508.28
4987,226,73,2,2026-07-05,30.94
4988,412,76,3,2026-09-07,2195.16
4989,205,5,2,2026-06-20,328.92
4990,79,67,3,2026-06-10,448.53
4991,124,11,2,2026-04-07,60.76
4992,471,94,4,2026-05-01,2262.64
4993,940,68,4,2026-08-03,3216.72
4994,218,69,3,2026-04-21,251.43
4995,516,1,3,2026-04-12,1142.3700000000001
4996,602,91,1,2026-06-07,128.4
4997,104,92,1,2026-07-29,716.11
4998,393,63,4,2026-04-15,3321.8
4999,631,29,4,2026-08-16,2385.96
5000,645,82,1,2026-06-28,627.07
